Protein ID,AA,C Position,Y
V6CJC4,QNYQSSNYNKSYSSQTTTQHQ,186,1
V6CJC4,YQSSNYNKSYSSQTTTQHQPQ,188,1
V6CJC4,QSSNYNKSYSSQTTTQHQPQP,189,1
V6CJC4,SNYNKSYSSQTTTQHQPQPVA,191,1
V6CJC4,NYNKSYSSQTTTQHQPQPVAA,192,1
V6CJC4,YNKSYSSQTTTQHQPQPVAAN,193,1
V6CJC4,PQPVAANNNYSTSYHTERSST,207,1
V6CJC4,QPVAANNNYSTSYHTERSSTT,208,1
Q9U3S8,EIVEPNNGPPTTSSGAAAASA,290,1
Q9U3S8,IVEPNNGPPTTSSGAAAASAA,291,1
Q9U3S8,VEPNNGPPTTSSGAAAASAAA,292,1
Q9U3S8,EPNNGPPTTSSGAAAASAAAV,293,1
Q9U3S8,PTTSSGAAAASAAAVVASKLG,299,1
Q9U3S8,AAASAAAVVASKLGSRTRIVY,306,1
Q9U325,AADADCDLVPSSRAAADQNIW,244,1
Q21021,PASGVIAPKTSPPEVVIPPAK,181,1
Q20330,PFVKREDSRVSTTSHVSTAST,1056,1
Q20330,FVKREDSRVSTTSHVSTASTA,1057,1
Q20330,VKREDSRVSTTSHVSTASTAT,1058,1
Q20330,KREDSRVSTTSHVSTASTATT,1059,1
Q20330,DSRVSTTSHVSTASTATTTGT,1062,1
Q20330,SRVSTTSHVSTASTATTTGTV,1063,1
Q20330,VSTTSHVSTASTATTTGTVVQ,1065,1
Q20330,STTSHVSTASTATTTGTVVQC,1066,1
Q20330,TSHVSTASTATTTGTVVQCSN,1068,1
Q20330,SHVSTASTATTTGTVVQCSNS,1069,1
Q20330,HVSTASTATTTGTVVQCSNSL,1070,1
Q20330,STASTATTTGTVVQCSNSLNR,1072,1
Q17602,SNSTNIFGARTTTTATPTPAS,1095,1
Q17602,NSTNIFGARTTTTATPTPASN,1096,1
Q17602,STNIFGARTTTTATPTPASNT,1097,1
Q17602,TNIFGARTTTTATPTPASNTS,1098,1
Q17602,FGQAGCQPAKTSNPATSTASV,1135,1
Q17602,GQAGCQPAKTSNPATSTASVT,1136,1
Q17602,CQPAKTSNPATSTASVTFSFN,1140,1
Q17602,QPAKTSNPATSTASVTFSFNT,1141,1
Q17602,PAKTSNPATSTASVTFSFNTG,1142,1
Q17602,KTSNPATSTASVTFSFNTGAT,1144,1
Q17602,SNPATSTASVTFSFNTGATSA,1146,1
Q17602,PATSTASVTFSFNTGATSASA,1148,1
Q17602,STASVTFSFNTGATSASAKPA,1151,1
Q17602,SVTFSFNTGATSASAKPAGFG,1154,1
Q17602,VTFSFNTGATSASAKPAGFGS,1155,1
Q17602,FSFNTGATSASAKPAGFGSFG,1157,1
Q10925,ADARNPLPPKTSPPVSNTPIT,874,1
Q10925,DARNPLPPKTSPPVSNTPITV,875,1
Q10925,PLPPKTSPPVSNTPITVAPVH,879,1
Q10925,PPKTSPPVSNTPITVAPVHAA,881,1
Q10925,TSPPVSNTPITVAPVHAAPTT,884,1
Q10925,ITVAPVHAAPTTSAPSTSVVT,893,1
Q10925,TVAPVHAAPTTSAPSTSVVTR,894,1
Q10925,VAPVHAAPTTSAPSTSVVTRR,895,1
Q10925,VHAAPTTSAPSTSVVTRRPTS,898,1
Q10925,HAAPTTSAPSTSVVTRRPTST,899,1
O76743,TNQKVGLENQTTGVGASEVPT,193,1
O76743,NQKVGLENQTTGVGASEVPTS,194,1
O76743,LENQTTGVGASEVPTSKPSSF,199,1
O76743,TTGVGASEVPTSKPSSFGQQP,203,1
O76743,TGVGASEVPTSKPSSFGQQPA,204,1
O76743,GASEVPTSKPSSFGQQPAVVS,207,1
O76743,ASEVPTSKPSSFGQQPAVVSG,208,1
O76743,SSFGQQPAVVSGFGGAAKMGF,217,1
O45168,SNSTGAAGYRSSTHVATTTTT,396,1
O45168,NSTGAAGYRSSTHVATTTTTT,397,1
O45168,STGAAGYRSSTHVATTTTTTT,398,1
O45168,AGYRSSTHVATTTTTTTNGYS,402,1
O45168,GYRSSTHVATTTTTTTNGYSS,403,1
O45168,YRSSTHVATTTTTTTNGYSSG,404,1
O45168,RSSTHVATTTTTTTNGYSSGY,405,1
O45168,SSTHVATTTTTTTNGYSSGYT,406,1
O45168,STHVATTTTTTTNGYSSGYTA,407,1
O45168,THVATTTTTTTNGYSSGYTAG,408,1
O45168,TTTTTTTNGYSSGYTAGGYTS,412,1
O45168,TTTTTTNGYSSGYTAGGYTSG,413,1
O45168,TTTNGYSSGYTAGGYTSGGYT,416,1
O45168,YSSGYTAGGYTSGGYTTGGYT,421,1
O45168,SSGYTAGGYTSGGYTTGGYTR,422,1
P34447,KAEVHKQEPLSAPTSVPLPAN,699,1
P34447,VHKQEPLSAPTSVPLPANHSS,702,1
P34447,HKQEPLSAPTSVPLPANHSSS,703,1
P34447,PTSVPLPANHSSSLFEDIKAP,711,1
P34447,TSVPLPANHSSSLFEDIKAPK,712,1
P34447,SVPLPANHSSSLFEDIKAPKA,713,1
G5EFX8,SKDSNVDRPRTPPVTPASAAP,333,1
G5EFX8,NVDRPRTPPVTPASAAPPPPG,337,1
G5EFX8,RPRTPPVTPASAAPPPPGIPY,340,1
V6CJC4,********MNTQNYTYSTTGY,3,0
V6CJC4,****MNTQNYTYSTTGYQPSQ,7,0
V6CJC4,**MNTQNYTYSTTGYQPSQPS,9,0
V6CJC4,*MNTQNYTYSTTGYQPSQPSG,10,0
V6CJC4,MNTQNYTYSTTGYQPSQPSGG,11,0
V6CJC4,YTYSTTGYQPSQPSGGQQSYN,16,0
V6CJC4,STTGYQPSQPSGGQQSYNETR,19,0
V6CJC4,QPSQPSGGQQSYNETRQYSSN,24,0
V6CJC4,PSGGQQSYNETRQYSSNATSN,28,0
V6CJC4,QQSYNETRQYSSNATSNYPSQ,32,0
V6CJC4,QSYNETRQYSSNATSNYPSQT,33,0
V6CJC4,NETRQYSSNATSNYPSQTQQY,36,0
V6CJC4,ETRQYSSNATSNYPSQTQQYQ,37,0
V6CJC4,YSSNATSNYPSQTQQYQQQQH,41,0
V6CJC4,SNATSNYPSQTQQYQQQQHQY,43,0
V6CJC4,QYQQQQHQYQSDHSNAQRLLN,55,0
V6CJC4,QQQHQYQSDHSNAQRLLNSGY,58,0
V6CJC4,DHSNAQRLLNSGYNTNQVDYV,66,0
V6CJC4,AQRLLNSGYNTNQVDYVLGHK,70,0
V6CJC4,GPHYQPPIINSSATAANNSSS,96,0
V6CJC4,PHYQPPIINSSATAANNSSSS,97,0
V6CJC4,YQPPIINSSATAANNSSSSTH,99,0
V6CJC4,INSSATAANNSSSSTHHYNSS,104,0
V6CJC4,NSSATAANNSSSSTHHYNSSS,105,0
V6CJC4,SSATAANNSSSSTHHYNSSSQ,106,0
V6CJC4,SATAANNSSSSTHHYNSSSQA,107,0
V6CJC4,ATAANNSSSSTHHYNSSSQAI,108,0
V6CJC4,NSSSSTHHYNSSSQAIPLGGP,113,0
V6CJC4,SSSSTHHYNSSSQAIPLGGPN,114,0
V6CJC4,SSSTHHYNSSSQAIPLGGPNQ,115,0
V6CJC4,IPLGGPNQGHSSSSYTTETRV,128,0
V6CJC4,PLGGPNQGHSSSSYTTETRVT,129,0
V6CJC4,LGGPNQGHSSSSYTTETRVTG,130,0
V6CJC4,GGPNQGHSSSSYTTETRVTGG,131,0
V6CJC4,PNQGHSSSSYTTETRVTGGGT,133,0
V6CJC4,NQGHSSSSYTTETRVTGGGTG,134,0
V6CJC4,GHSSSSYTTETRVTGGGTGAP,136,0
V6CJC4,SSSYTTETRVTGGGTGAPVSN,139,0
V6CJC4,TTETRVTGGGTGAPVSNNYSN,143,0
V6CJC4,VTGGGTGAPVSNNYSNQNYSS,148,0
V6CJC4,GTGAPVSNNYSNQNYSSSAYN,152,0
V6CJC4,VSNNYSNQNYSSSAYNSQSSQ,157,0
V6CJC4,SNNYSNQNYSSSAYNSQSSQH,158,0
V6CJC4,NNYSNQNYSSSAYNSQSSQHQ,159,0
V6CJC4,NQNYSSSAYNSQSSQHQTKSI,163,0
V6CJC4,NYSSSAYNSQSSQHQTKSIPV,165,0
V6CJC4,YSSSAYNSQSSQHQTKSIPVQ,166,0
V6CJC4,AYNSQSSQHQTKSIPVQNYQS,170,0
V6CJC4,NSQSSQHQTKSIPVQNYQSSN,172,0
V6CJC4,TKSIPVQNYQSSNYNKSYSSQ,180,0
V6CJC4,KSIPVQNYQSSNYNKSYSSQT,181,0
V6CJC4,PVAANNNYSTSYHTERSSTTT,209,0
V6CJC4,ANNNYSTSYHTERSSTTTAQQ,212,0
V6CJC4,NYSTSYHTERSSTTTAQQPQT,215,0
V6CJC4,YSTSYHTERSSTTTAQQPQTI,216,0
V6CJC4,STSYHTERSSTTTAQQPQTIA,217,0
V6CJC4,TSYHTERSSTTTAQQPQTIAL,218,0
V6CJC4,SYHTERSSTTTAQQPQTIALP,219,0
V6CJC4,SSTTTAQQPQTIALPPPQNNS,225,0
V6CJC4,TIALPPPQNNSSHTETHSSTG,235,0
V6CJC4,IALPPPQNNSSHTETHSSTGP,236,0
V6CJC4,LPPPQNNSSHTETHSSTGPIM,238,0
V6CJC4,PPQNNSSHTETHSSTGPIMMH,240,0
V6CJC4,QNNSSHTETHSSTGPIMMHSP,242,0
V6CJC4,NNSSHTETHSSTGPIMMHSPG,243,0
V6CJC4,NSSHTETHSSTGPIMMHSPGG,244,0
V6CJC4,HSSTGPIMMHSPGGHSMKSTE,251,0
V6CJC4,PIMMHSPGGHSMKSTEFSSSR,256,0
V6CJC4,MHSPGGHSMKSTEFSSSRHHK,259,0
V6CJC4,HSPGGHSMKSTEFSSSRHHKQ,260,0
V6CJC4,GGHSMKSTEFSSSRHHKQETT,263,0
V6CJC4,GHSMKSTEFSSSRHHKQETTT,264,0
V6CJC4,HSMKSTEFSSSRHHKQETTTT,265,0
V6CJC4,FSSSRHHKQETTTTTTTTPQP,272,0
V6CJC4,SSSRHHKQETTTTTTTTPQPP,273,0
V6CJC4,SSRHHKQETTTTTTTTPQPPV,274,0
V6CJC4,SRHHKQETTTTTTTTPQPPVF,275,0
V6CJC4,RHHKQETTTTTTTTPQPPVFQ,276,0
V6CJC4,HHKQETTTTTTTTPQPPVFQT,277,0
V6CJC4,HKQETTTTTTTTPQPPVFQTT,278,0
V6CJC4,KQETTTTTTTTPQPPVFQTTT,279,0
V6CJC4,TTTPQPPVFQTTTYPTTKTTS,287,0
V6CJC4,TTPQPPVFQTTTYPTTKTTSY,288,0
V6CJC4,TPQPPVFQTTTYPTTKTTSYN,289,0
V6CJC4,PPVFQTTTYPTTKTTSYNYSS,292,0
V6CJC4,PVFQTTTYPTTKTTSYNYSSS,293,0
V6CJC4,FQTTTYPTTKTTSYNYSSSTI,295,0
V6CJC4,QTTTYPTTKTTSYNYSSSTIP,296,0
V6CJC4,TTTYPTTKTTSYNYSSSTIPS,297,0
V6CJC4,PTTKTTSYNYSSSTIPSQPAK,301,0
V6CJC4,TTKTTSYNYSSSTIPSQPAKP,302,0
V6CJC4,TKTTSYNYSSSTIPSQPAKPS,303,0
V6CJC4,KTTSYNYSSSTIPSQPAKPSF,304,0
V6CJC4,SYNYSSSTIPSQPAKPSFNQE,307,0
V6CJC4,STIPSQPAKPSFNQESYTTHT,313,0
V6CJC4,QPAKPSFNQESYTTHTERNNS,318,0
V6CJC4,AKPSFNQESYTTHTERNNSSQ,320,0
V6CJC4,KPSFNQESYTTHTERNNSSQG,321,0
V6CJC4,SFNQESYTTHTERNNSSQGFP,323,0
V6CJC4,SYTTHTERNNSSQGFPQQRLQ,328,0
V6CJC4,YTTHTERNNSSQGFPQQRLQP,329,0
V6CJC4,QGFPQQRLQPSGGYSYENYSS,340,0
V6CJC4,QQRLQPSGGYSYENYSSSRKE,344,0
V6CJC4,PSGGYSYENYSSSRKEENRRE,349,0
V6CJC4,SGGYSYENYSSSRKEENRREE,350,0
V6CJC4,GGYSYENYSSSRKEENRREET,351,0
V6CJC4,SRKEENRREETSRPVSQLSQY,361,0
V6CJC4,RKEENRREETSRPVSQLSQYS,362,0
V6CJC4,NRREETSRPVSQLSQYSESRN,366,0
V6CJC4,EETSRPVSQLSQYSESRNYKR,369,0
V6CJC4,SRPVSQLSQYSESRNYKRNYE,372,0
V6CJC4,PVSQLSQYSESRNYKRNYEEK,374,0
V6CJC4,RNYKRNYEEKTETTTVPSLAP,385,0
V6CJC4,YKRNYEEKTETTTVPSLAPAT,387,0
V6CJC4,KRNYEEKTETTTVPSLAPATN,388,0
V6CJC4,RNYEEKTETTTVPSLAPATNV,389,0
V6CJC4,EEKTETTTVPSLAPATNVTYK,392,0
V6CJC4,TTTVPSLAPATNVTYKDLSNA,397,0
V6CJC4,VPSLAPATNVTYKDLSNAQCV,400,0
V6CJC4,PATNVTYKDLSNAQCVDDVFN,405,0
V6CJC4,QCVDDVFNKKTEMNESLPVGS,418,0
V6CJC4,VFNKKTEMNESLPVGSVFNTH,423,0
V6CJC4,TEMNESLPVGSVFNTHNNTEG,428,0
V6CJC4,ESLPVGSVFNTHNNTEGGYRD,432,0
V6CJC4,VGSVFNTHNNTEGGYRDANGH,436,0
V6CJC4,GYRDANGHDVSYKRETQTSAD,449,0
V6CJC4,NGHDVSYKRETQTSADPGRET,454,0
V6CJC4,HDVSYKRETQTSADPGRETAL,456,0
V6CJC4,DVSYKRETQTSADPGRETALL,457,0
V6CJC4,TQTSADPGRETALLKEEEKRV,464,0
V6CJC4,LKEEEKRVVETPLEPGVISRH,477,0
V6CJC4,VETPLEPGVISRHVTTKYYKK,485,0
V6CJC4,LEPGVISRHVTTKYYKKKTVT,489,0
V6CJC4,EPGVISRHVTTKYYKKKTVTD,490,0
V6CJC4,HVTTKYYKKKTVTDTTTTTA*,497,0
V6CJC4,TTKYYKKKTVTDTTTTTA***,499,0
V6CJC4,KYYKKKTVTDTTTTTA*****,501,0
V6CJC4,YYKKKTVTDTTTTTA******,502,0
V6CJC4,YKKKTVTDTTTTTA*******,503,0
V6CJC4,KKKTVTDTTTTTA********,504,0
V6CJC4,KKTVTDTTTTTA*********,505,0
Q9U3S8,KCHICHKKLFSGPGLSIHCMQ,46,0
Q9U3S8,HKKLFSGPGLSIHCMQVHKET,51,0
Q9U3S8,SIHCMQVHKETIDKIPAAVHG,61,0
Q9U3S8,VEIYGMQGIPSGAYRGAADEE,87,0
Q9U3S8,AADEEPDEKRSRMDNGPPMPT,103,0
Q9U3S8,SRMDNGPPMPTPMPFPQHFPF,113,0
Q9U3S8,FPFPGMPPMPSGPPPPSMAYG,131,0
Q9U3S8,PPMPSGPPPPSMAYGMPPMPS,137,0
Q9U3S8,SMAYGMPPMPSGMMPPRGMPG,147,0
Q9U3S8,GPPMPGPPQRSRFDQPDGGDR,208,0
Q9U3S8,WGPPMRGVPRTPPYENEHEHQ,229,0
Q9U3S8,EGDRGGPPGGSRFDQVKAELK,268,0
Q9U3S8,AAAVVASKLGSRTRIVYPDDH,310,0
Q9U3S8,AVVASKLGSRTRIVYPDDHSL,312,0
Q9U3S8,RTRIVYPDDHSLSLEERRVKM,321,0
Q9U3S8,RIVYPDDHSLSLEERRVKMLF,323,0
Q9U3S8,RRVKMLFEKRSNPYH******,337,0
Q9U325,**MGRKKIQITRIQDERNRQV,9,0
Q9U325,RIQDERNRQVTFTKRKFGLMK,20,0
Q9U325,QDERNRQVTFTKRKFGLMKKA,22,0
Q9U325,FGLMKKAYELSVLCDCEIALI,36,0
Q9U325,DCEIALIVFNSTNKLFQYAST,50,0
Q9U325,CEIALIVFNSTNKLFQYASTD,51,0
Q9U325,NSTNKLFQYASTDMDKVLLKY,59,0
Q9U325,STNKLFQYASTDMDKVLLKYT,60,0
Q9U325,TDMDKVLLKYTEYNEPHESRT,70,0
Q9U325,KYTEYNEPHESRTNNDIMEAL,78,0
Q9U325,TEYNEPHESRTNNDIMEALNR,80,0
Q9U325,RKEGNQGGGNSDDESPGPSTS,100,0
Q9U325,NQGGGNSDDESPGPSTSPVIQ,104,0
Q9U325,GNSDDESPGPSTSPVIQITMP,108,0
Q9U325,NSDDESPGPSTSPVIQITMPA,109,0
Q9U325,SDDESPGPSTSPVIQITMPAV,110,0
Q9U325,GPSTSPVIQITMPAVVNGHSS,116,0
Q9U325,ITMPAVVNGHSSNNSVASAAS,125,0
Q9U325,TMPAVVNGHSSNNSVASAASA,126,0
Q9U325,AVVNGHSSNNSVASAASASAA,129,0
Q9U325,NGHSSNNSVASAASASAAAVA,132,0
Q9U325,SSNNSVASAASASAAAVAAAA,135,0
Q9U325,NNSVASAASASAAAVAAAAAA,137,0
Q9U325,AAAAVAAVEGTSSGAAAAAAA,154,0
Q9U325,AAAVAAVEGTSSGAAAAAAAL,155,0
Q9U325,AAVAAVEGTSSGAAAAAAALQ,156,0
Q9U325,AAAAAAALQASNAQRHHNLNL,168,0
Q9U325,YQNLIFNPNYTRHLNQRNDPL,189,0
Q9U325,RHLNQRNDPLSSTSVAPSSSS,200,0
Q9U325,HLNQRNDPLSSTSVAPSSSSS,201,0
Q9U325,LNQRNDPLSSTSVAPSSSSSK,202,0
Q9U325,NQRNDPLSSTSVAPSSSSSKH,203,0
Q9U325,DPLSSTSVAPSSSSSKHLDFP,207,0
Q9U325,PLSSTSVAPSSSSSKHLDFPP,208,0
Q9U325,LSSTSVAPSSSSSKHLDFPPS,209,0
Q9U325,SSTSVAPSSSSSKHLDFPPST,210,0
Q9U325,STSVAPSSSSSKHLDFPPSTS,211,0
Q9U325,SSSKHLDFPPSTSFAYDTSRL,219,0
Q9U325,SSKHLDFPPSTSFAYDTSRLH,220,0
Q9U325,SKHLDFPPSTSFAYDTSRLHP,221,0
Q9U325,FPPSTSFAYDTSRLHPIAAAD,226,0
Q9U325,PPSTSFAYDTSRLHPIAAADA,227,0
Q9U325,ADADCDLVPSSRAAADQNIWS,245,0
Q9U325,SRAAADQNIWSSALQQRPVSQ,255,0
Q9U325,RAAADQNIWSSALQQRPVSQP,256,0
Q9U325,WSSALQQRPVSQPAPSISNSS,264,0
Q9U325,QQRPVSQPAPSISNSSTNGIS,269,0
Q9U325,RPVSQPAPSISNSSTNGISNG,271,0
Q9U325,VSQPAPSISNSSTNGISNGTS,273,0
Q9U325,SQPAPSISNSSTNGISNGTSS,274,0
Q9U325,QPAPSISNSSTNGISNGTSSL,275,0
Q9U325,SISNSSTNGISNGTSSLLSPN,279,0
Q9U325,NSSTNGISNGTSSLLSPNVSS,282,0
Q9U325,SSTNGISNGTSSLLSPNVSSL,283,0
Q9U325,STNGISNGTSSLLSPNVSSLN,284,0
Q9U325,GISNGTSSLLSPNVSSLNGHS,287,0
Q9U325,GTSSLLSPNVSSLNGHSVLDL,291,0
Q9U325,TSSLLSPNVSSLNGHSVLDLG,292,0
Q9U325,SPNVSSLNGHSVLDLGGPNLP,297,0
Q9U325,PNLPYKLDPNTYVKMEPHSPP,314,0
Q9U325,PNTYVKMEPHSPPEKRPRITT,322,0
Q9U325,HSPPEKRPRITTEWRPQQLT*,331,0
Q9U325,SPPEKRPRITTEWRPQQLT**,332,0
Q9U325,ITTEWRPQQLT**********,340,0
Q21021,*********MSDQKPNMGRIV,2,0
Q21021,QKPNMGRIVASVVDVQQLMTM,14,0
Q21021,ASVVDVQQLMTMQFDSLIKSM,23,0
Q21021,VQQLMTMQFDSLIKSMDSLKI,28,0
Q21021,MTMQFDSLIKSMDSLKIEHQT,32,0
Q21021,QFDSLIKSMDSLKIEHQTGVT,35,0
Q21021,SMDSLKIEHQTGVTQLRDDIR,42,0
Q21021,SLKIEHQTGVTQLRDDIRRSE,45,0
Q21021,VTQLRDDIRRSEDRFQKQLSD,54,0
Q21021,RSEDRFQKQLSDLSTNHGKEL,63,0
Q21021,DRFQKQLSDLSTNHGKELERL,66,0
Q21021,RFQKQLSDLSTNHGKELERLH,67,0
Q21021,ELERLHQIIHTLLARDANPLG,82,0
Q21021,LLARDANPLGSMIPPQQLQQQ,93,0
Q21021,AQAQAQAQAQSQVMANLLNAA,139,0
Q21021,LNAAKPAIPVTQPLVATTAQA,156,0
Q21021,AIPVTQPLVATTAQAKSTVPA,162,0
Q21021,IPVTQPLVATTAQAKSTVPAS,163,0
Q21021,PLVATTAQAKSTVPASGVIAP,168,0
Q21021,LVATTAQAKSTVPASGVIAPK,169,0
Q21021,TAQAKSTVPASGVIAPKTSPP,173,0
Q21021,VPASGVIAPKTSPPEVVIPPA,180,0
Q21021,PEVVIPPAKPTFSTPTPAVVP,193,0
Q21021,VVIPPAKPTFSTPTPAVVPKP,195,0
Q21021,VIPPAKPTFSTPTPAVVPKPA,196,0
Q21021,PPAKPTFSTPTPAVVPKPATT,198,0
Q21021,PTPAVVPKPATTGFSFGGTNP,207,0
Q21021,TPAVVPKPATTGFSFGGTNPA,208,0
Q21021,VVPKPATTGFSFGGTNPATSI,211,0
Q21021,PATTGFSFGGTNPATSIFGKK,215,0
Q21021,GFSFGGTNPATSIFGKKPETA,219,0
Q21021,FSFGGTNPATSIFGKKPETAS,220,0
Q21021,ATSIFGKKPETASPVVVPAAK,228,0
Q21021,SIFGKKPETASPVVVPAAKDD,230,0
Q21021,IPLPDLVEVKTGEEGEQTMFC,269,0
Q21021,EVKTGEEGEQTMFCNRSKLYI,276,0
Q21021,EGEQTMFCNRSKLYIYANETK,282,0
Q21021,RSKLYIYANETKEWKERGTGE,291,0
Q21021,NETKEWKERGTGELKVLYNKD,299,0
Q21021,LKVLYNKDKKSWRVVMRRDQV,312,0
Q21021,KVCANFPILGSMTIQQMKSNE,334,0
Q21021,CANFPILGSMTIQQMKSNEKA,336,0
Q21021,LGSMTIQQMKSNEKAYTWFCE,342,0
Q21021,QQMKSNEKAYTWFCEDFSEDQ,348,0
Q21021,KAYTWFCEDFSEDQPAHVKLS,355,0
Q21021,SEDQPAHVKLSARFANVDIAG,365,0
Q21021,ANVDIAGEFKTLFEKAVAEAK,379,0
Q21021,LFEKAVAEAKSSSNAGKTIDK,390,0
Q21021,FEKAVAEAKSSSNAGKTIDKE,391,0
Q21021,EKAVAEAKSSSNAGKTIDKEI,392,0
Q21021,EAKSSSNAGKTIDKEIKPAAE,397,0
Q21021,KEVKQEVVIPSNNKPEETGFG,420,0
Q21021,VIPSNNKPEETGFGDQFKPKP,427,0
Q21021,FGDQFKPKPGSWECPGCYVTC,439,0
Q21021,GSWECPGCYVTCKADEIECAC,448,0
Q21021,ADEIECACCGTSKDGSVKEKN,461,0
Q21021,DEIECACCGTSKDGSVKEKNI,462,0
Q21021,CACCGTSKDGSVKEKNIFSKP,466,0
Q21021,DGSVKEKNIFSKPSILQPAPG,474,0
Q21021,VKEKNIFSKPSILQPAPGTPK,477,0
Q21021,KPSILQPAPGTPKVTFGFGAS,485,0
Q21021,LQPAPGTPKVTFGFGASAPAK,489,0
Q21021,TPKVTFGFGASAPAKEPLAQT,495,0
Q21021,SAPAKEPLAQTSQFGGSLSGS,505,0
Q21021,APAKEPLAQTSQFGGSLSGSP,506,0
Q21021,PLAQTSQFGGSLSGSPSTSSS,511,0
Q21021,AQTSQFGGSLSGSPSTSSSIF,513,0
Q21021,TSQFGGSLSGSPSTSSSIFGG,515,0
Q21021,QFGGSLSGSPSTSSSIFGGGT,517,0
Q21021,FGGSLSGSPSTSSSIFGGGTP,518,0
Q21021,GGSLSGSPSTSSSIFGGGTPK,519,0
Q21021,GSLSGSPSTSSSIFGGGTPKG,520,0
Q21021,SLSGSPSTSSSIFGGGTPKGT,521,0
Q21021,STSSSIFGGGTPKGTSVFGGG,527,0
Q21021,SIFGGGTPKGTSVFGGGAANT,531,0
Q21021,IFGGGTPKGTSVFGGGAANTP,532,0
Q21021,TSVFGGGAANTPTFSFNKPAA,541,0
Q21021,VFGGGAANTPTFSFNKPAAAV,543,0
Q21021,GGGAANTPTFSFNKPAAAVNA,545,0
Q21021,FNKPAAAVNATTPSFNFNNPA,556,0
Q21021,NKPAAAVNATTPSFNFNNPAA,557,0
Q21021,PAAAVNATTPSFNFNNPAAST,559,0
Q21021,PSFNFNNPAASTASPATSTTP,568,0
Q21021,SFNFNNPAASTASPATSTTPG,569,0
Q21021,NFNNPAASTASPATSTTPGNS,571,0
Q21021,NPAASTASPATSTTPGNSLFG,574,0
Q21021,PAASTASPATSTTPGNSLFGG,575,0
Q21021,AASTASPATSTTPGNSLFGGG,576,0
Q21021,ASTASPATSTTPGNSLFGGGL,577,0
Q21021,SPATSTTPGNSLFGGGLSKTE,581,0
Q21021,PGNSLFGGGLSKTESTASSTT,588,0
Q21021,NSLFGGGLSKTESTASSTTTP,590,0
Q21021,LFGGGLSKTESTASSTTTPSF,592,0
Q21021,FGGGLSKTESTASSTTTPSFM,593,0
Q21021,GGLSKTESTASSTTTPSFMFA,595,0
Q21021,GLSKTESTASSTTTPSFMFAK,596,0
Q21021,LSKTESTASSTTTPSFMFAKN,597,0
Q21021,SKTESTASSTTTPSFMFAKNS,598,0
Q21021,KTESTASSTTTPSFMFAKNSE,599,0
Q21021,ESTASSTTTPSFMFAKNSESA,601,0
Q21021,TTPSFMFAKNSESAFPKPTFS,608,0
Q21021,PSFMFAKNSESAFPKPTFSFG,610,0
Q21021,KNSESAFPKPTFSFGKQQTPS,616,0
Q21021,SESAFPKPTFSFGKQQTPSTT,618,0
Q21021,KPTFSFGKQQTPSTTAPAKQE,624,0
Q21021,TFSFGKQQTPSTTAPAKQEEN,626,0
Q21021,FSFGKQQTPSTTAPAKQEENK,627,0
Q21021,SFGKQQTPSTTAPAKQEENKQ,628,0
Q21021,APAKQEENKQSETPKSVFGSG,639,0
Q21021,AKQEENKQSETPKSVFGSGFT,641,0
Q21021,EENKQSETPKSVFGSGFTSGG,644,0
Q21021,QSETPKSVFGSGFTSGGATFA,648,0
Q21021,TPKSVFGSGFTSGGATFAALS,651,0
Q21021,PKSVFGSGFTSGGATFAALSA,652,0
Q21021,FGSGFTSGGATFAALSANSAK,656,0
Q21021,TSGGATFAALSANSAKSGSIF,661,0
Q21021,GATFAALSANSAKSGSIFDAA,664,0
Q21021,FAALSANSAKSGSIFDAANVK,667,0
Q21021,ALSANSAKSGSIFDAANVKKA,669,0
Q21021,QEELAAQKKASIFGSKNTTLN,690,0
Q21021,AAQKKASIFGSKNTTLNTTSA,694,0
Q21021,KKASIFGSKNTTLNTTSATSH,697,0
Q21021,KASIFGSKNTTLNTTSATSHD,698,0
Q21021,IFGSKNTTLNTTSATSHDGDE,701,0
Q21021,FGSKNTTLNTTSATSHDGDET,702,0
Q21021,GSKNTTLNTTSATSHDGDETN,703,0
Q21021,KNTTLNTTSATSHDGDETNED,705,0
Q21021,NTTLNTTSATSHDGDETNEDG,706,0
Q21021,TSATSHDGDETNEDGDGEYEP,712,0
Q21021,IPLPDLVEVKTGEEDEEVMFS,740,0
Q21021,TGEEDEEVMFSARCKLYKYYS,750,0
Q21021,SARCKLYKYYSDLKENKERGL,760,0
Q21021,RGLGDIKLLKSNDNKYRIVMR,778,0
Q21021,KLCANFRIEKSMKLSPKPNLP,804,0
Q21021,NFRIEKSMKLSPKPNLPNVLT,808,0
Q21021,SPKPNLPNVLTFMCQDFSEDA,818,0
Q21021,NVLTFMCQDFSEDASNADPAI,825,0
Q21021,FMCQDFSEDASNADPAIFTAK,829,0
Q21021,DASNADPAIFTAKFKDEATAG,837,0
Q21021,IFTAKFKDEATAGAFKTAVQD,845,0
Q21021,KDEATAGAFKTAVQDAQSKM*,851,0
Q21021,AFKTAVQDAQSKM********,858,0
Q20330,DEQIRRENDRSENRGRGYLGV,33,0
Q20330,LGVRRYIYALTTKKNENHLQR,51,0
Q20330,GVRRYIYALTTKKNENHLQRR,52,0
Q20330,NENHLQRRGRSLTRVYVEQKF,65,0
Q20330,NHLQRRGRSLTRVYVEQKFYR,67,0
Q20330,RVYVEQKFYRSKSVPSPDQVQ,78,0
Q20330,YVEQKFYRSKSVPSPDQVQRL,80,0
Q20330,QKFYRSKSVPSPDQVQRLEDC,83,0
Q20330,PDQVQRLEDCTQDYGPNDEER,94,0
Q20330,NDEERLEYVETVDAPLEELIK,110,0
Q20330,PLEELIKEDQSHRHVVSQRLP,124,0
Q20330,KEDQSHRHVVSQRLPQGHGEW,130,0
Q20330,ELAVYEEDGGSGLLEDRTLTV,153,0
Q20330,DGGSGLLEDRTLTVRAGDHPF,160,0
Q20330,GSGLLEDRTLTVRAGDHPFGM,162,0
Q20330,NQFNEVAEDISARIAKFFAEK,183,0
Q20330,FAEKEENHIRTRELSLSVHPV,200,0
Q20330,EENHIRTRELSLSVHPVYHQS,204,0
Q20330,NHIRTRELSLSVHPVYHQSNG,206,0
Q20330,SLSVHPVYHQSNGDAYTSFGM,214,0
Q20330,VYHQSNGDAYTSFGMSRSKSM,220,0
Q20330,YHQSNGDAYTSFGMSRSKSMG,221,0
Q20330,NGDAYTSFGMSRSKSMGSVAH,225,0
Q20330,DAYTSFGMSRSKSMGSVAHEA,227,0
Q20330,YTSFGMSRSKSMGSVAHEAHQ,229,0
Q20330,FGMSRSKSMGSVAHEAHQTSN,232,0
Q20330,MGSVAHEAHQTSNNQHSSETH,240,0
Q20330,GSVAHEAHQTSNNQHSSETHG,241,0
Q20330,EAHQTSNNQHSSETHGTASST,246,0
Q20330,AHQTSNNQHSSETHGTASSTQ,247,0
Q20330,QTSNNQHSSETHGTASSTQSR,249,0
Q20330,NNQHSSETHGTASSTQSRPRL,252,0
Q20330,QHSSETHGTASSTQSRPRLDQ,254,0
Q20330,HSSETHGTASSTQSRPRLDQV,255,0
Q20330,SSETHGTASSTQSRPRLDQVS,256,0
Q20330,ETHGTASSTQSRPRLDQVSST,258,0
Q20330,TQSRPRLDQVSSTTKSLSNLF,266,0
Q20330,QSRPRLDQVSSTTKSLSNLFS,267,0
Q20330,SRPRLDQVSSTTKSLSNLFSV,268,0
Q20330,RPRLDQVSSTTKSLSNLFSVD,269,0
Q20330,RLDQVSSTTKSLSNLFSVDTR,271,0
Q20330,DQVSSTTKSLSNLFSVDTRHD,273,0
Q20330,STTKSLSNLFSVDTRHDYNSR,277,0
Q20330,KSLSNLFSVDTRHDYNSRYGN,280,0
Q20330,FSVDTRHDYNSRYGNYVSGYG,286,0
Q20330,DYNSRYGNYVSGYGHYGTPLP,293,0
Q20330,NYVSGYGHYGTPLPPAKNQEV,300,0
Q20330,EVMPKMPAKKSEHIYDEPIHR,319,0
Q20330,EHIYDEPIHRTSTTNVYSSTY,330,0
Q20330,HIYDEPIHRTSTTNVYSSTYE,331,0
Q20330,IYDEPIHRTSTTNVYSSTYER,332,0
Q20330,YDEPIHRTSTTNVYSSTYERK,333,0
Q20330,IHRTSTTNVYSSTYERKYDFK,337,0
Q20330,HRTSTTNVYSSTYERKYDFKT,338,0
Q20330,RTSTTNVYSSTYERKYDFKTT,339,0
Q20330,STYERKYDFKTTFPPEIEMPE,348,0
Q20330,TYERKYDFKTTFPPEIEMPEG,349,0
Q20330,PEGYHDYYDPSKFMFLDAKGY,367,0
Q20330,DAKGYYQGNITRPLHYSYSRD,383,0
Q20330,QGNITRPLHYSYSRDYLEKYS,389,0
Q20330,NITRPLHYSYSRDYLEKYSDY,391,0
Q20330,SYSRDYLEKYSDYDGTSRLPS,399,0
Q20330,YLEKYSDYDGTSRLPSPAPPK,404,0
Q20330,LEKYSDYDGTSRLPSPAPPKT,405,0
Q20330,SDYDGTSRLPSPAPPKTPEPA,409,0
Q20330,SRLPSPAPPKTPEPAYTVLNR,415,0
Q20330,APPKTPEPAYTVLNRSEDLPH,421,0
Q20330,PEPAYTVLNRSEDLPHHPTHL,426,0
Q20330,NRSEDLPHHPTHLSFSFPDYY,434,0
Q20330,EDLPHHPTHLSFSFPDYYDHA,437,0
Q20330,LPHHPTHLSFSFPDYYDHATQ,439,0
Q20330,FSFPDYYDHATQIILSRDPGL,448,0
Q20330,YYDHATQIILSRDPGLEHIPY,453,0
Q20330,YYDNVHRIILSHTKDLDHCKI,481,0
Q20330,DNVHRIILSHTKDLDHCKIVI,483,0
Q20330,DLDHCKIVIPSFPDYYDLSTR,495,0
Q20330,IPSFPDYYDLSTRYEVLHRVE,503,0
Q20330,PSFPDYYDLSTRYEVLHRVED,504,0
Q20330,EYPAYCPYEDTKYEVQEKSVT,534,0
Q20330,EDTKYEVQEKSVTLDDEHIYE,542,0
Q20330,TKYEVQEKSVTLDDEHIYEEV,544,0
Q20330,PPIVVHVLNYTRDHDHIVFVP,577,0
Q20330,PPPAEIIHVATPAEVIEEEPE,607,0
Q20330,LYIGNDALDVSVSPHFNQSND,640,0
Q20330,IGNDALDVSVSPHFNQSNDQK,642,0
Q20330,DVSVSPHFNQSNDQKNLGLEK,648,0
Q20330,NDQKNLGLEKSVTDRVREMER,659,0
Q20330,QKNLGLEKSVTDRVREMERAM,661,0
Q20330,EEHAYEEIQESKNTPCPVSQP,713,0
Q20330,AYEEIQESKNTPCPVSQPILI,716,0
Q20330,QESKNTPCPVSQPILIPSVFV,721,0
Q20330,CPVSQPILIPSVFVPVAVPEP,728,0
Q20330,PEPIPEKPKRTWQPPPKSEEF,746,0
Q20330,PKRTWQPPPKSEEFLDEHIDK,753,0
Q20330,LKMNEENHILSQTRPVSHPVS,791,0
Q20330,MNEENHILSQTRPVSHPVSRA,793,0
Q20330,NHILSQTRPVSHPVSRANSRP,797,0
Q20330,SQTRPVSHPVSRANSRPTTPG,801,0
Q20330,PVSHPVSRANSRPTTPGLEIK,805,0
Q20330,HPVSRANSRPTTPGLEIKTID,808,0
Q20330,PVSRANSRPTTPGLEIKTIDF,809,0
Q20330,RPTTPGLEIKTIDFPRLDDAA,816,0
Q20330,IDFPRLDDAASPRDHSDSAGN,827,0
Q20330,LDDAASPRDHSDSAGNVDYVH,832,0
Q20330,DAASPRDHSDSAGNVDYVHKH,834,0
Q20330,HIERYNAKDASVVQDSHDESR,854,0
Q20330,NAKDASVVQDSHDESRAHSHM,859,0
Q20330,ASVVQDSHDESRAHSHMLSNT,863,0
Q20330,QDSHDESRAHSHMLSNTVQTH,867,0
Q20330,DESRAHSHMLSNTVQTHTHSQ,871,0
Q20330,SRAHSHMLSNTVQTHTHSQLI,873,0
Q20330,HSHMLSNTVQTHTHSQLINQN,876,0
Q20330,HMLSNTVQTHTHSQLINQNQA,878,0
Q20330,LSNTVQTHTHSQLINQNQATH,880,0
Q20330,HSQLINQNQATHYDAYATSQH,889,0
Q20330,NQATHYDAYATSQHSNAQEYS,896,0
Q20330,QATHYDAYATSQHSNAQEYST,897,0
Q20330,HYDAYATSQHSNAQEYSTVHG,900,0
Q20330,TSQHSNAQEYSTVHGSQTHRG,906,0
Q20330,SQHSNAQEYSTVHGSQTHRGS,907,0
Q20330,NAQEYSTVHGSQTHRGSVVYD,911,0
Q20330,QEYSTVHGSQTHRGSVVYDEP,913,0
Q20330,TVHGSQTHRGSVVYDEPHGQV,917,0
Q20330,PHDQEHHHYDTVHVQHHHHHH,942,0
Q20330,VQHHHHHHYHTDGSEHVHHYH,955,0
Q20330,HHHHHYHTDGSEHVHHYHQDE,958,0
Q20330,YHQDENAHQHSTAENEHIHHY,974,0
Q20330,HQDENAHQHSTAENEHIHHYH,975,0
Q20330,AENEHIHHYHTTSNENAHHHH,986,0
Q20330,ENEHIHHYHTTSNENAHHHHS,987,0
Q20330,NEHIHHYHTTSNENAHHHHSV,988,0
Q20330,TSNENAHHHHSVQNEKDIQYQ,997,0
Q20330,EKDIQYQLAQSNQSIRQMSKT,1011,0
Q20330,IQYQLAQSNQSIRQMSKTNNW,1014,0
Q20330,AQSNQSIRQMSKTNNWDEQNI,1019,0
Q20330,SNQSIRQMSKTNNWDEQNIQS,1021,0
Q20330,TNNWDEQNIQSSKRAHIEAHI,1031,0
Q20330,NNWDEQNIQSSKRAHIEAHIP,1032,0
Q20330,AHIEAHIPVNSPFVKREDSRV,1045,0
Q20330,VNSPFVKREDSRVSTTSHVST,1053,0
Q20330,ATTTGTVVQCSNSLNRQNIPA,1077,0
Q20330,TTGTVVQCSNSLNRQNIPAPL,1079,0
Q20330,PAPLKIQNGNSESYHEHNHHQ,1096,0
Q20330,PLKIQNGNSESYHEHNHHQHV,1098,0
Q20330,HNHHQHVHFDSVENSENIAHQ,1112,0
Q20330,QHVHFDSVENSENIAHQCKST,1116,0
Q20330,NSENIAHQCKSTTSLDYQPVH,1125,0
Q20330,SENIAHQCKSTTSLDYQPVHV,1126,0
Q20330,ENIAHQCKSTTSLDYQPVHVG,1127,0
Q20330,NIAHQCKSTTSLDYQPVHVGH,1128,0
Q20330,LFNKPDEKPLTTEQVIYRVSA,1155,0
Q20330,FNKPDEKPLTTEQVIYRVSAA,1156,0
Q20330,LTTEQVIYRVSAAPPGHHLEP,1164,0
Q20330,LEPEIKPRPRSLPRIPLDEIE,1182,0
Q20330,LDEIELHEHGSKDHMTRHHHE,1198,0
Q20330,LHEHGSKDHMTRHHHEMHQGT,1203,0
Q20330,TRHHHEMHQGTVDEHSEHGYS,1213,0
Q20330,EMHQGTVDEHSEHGYSIGGGA,1218,0
Q20330,TVDEHSEHGYSIGGGAQRIDV,1223,0
Q20330,IGGGAQRIDVSARTSSTVMHS,1234,0
Q20330,GAQRIDVSARTSSTVMHSPPV,1237,0
Q20330,AQRIDVSARTSSTVMHSPPVQ,1238,0
Q20330,QRIDVSARTSSTVMHSPPVQV,1239,0
Q20330,RIDVSARTSSTVMHSPPVQVQ,1240,0
Q20330,SARTSSTVMHSPPVQVQHNSY,1244,0
Q20330,HSPPVQVQHNSYYHRQSSDEE,1253,0
Q20330,VQHNSYYHRQSSDEESIRVRR,1259,0
Q20330,QHNSYYHRQSSDEESIRVRRV,1260,0
Q20330,YYHRQSSDEESIRVRRVYKAL,1264,0
Q20330,VRRVYKALDDTSMLSPVSLSG,1277,0
Q20330,RRVYKALDDTSMLSPVSLSGD,1278,0
Q20330,YKALDDTSMLSPVSLSGDGPN,1281,0
Q20330,LDDTSMLSPVSLSGDGPNF**,1284,0
Q20330,DTSMLSPVSLSGDGPNF****,1286,0
Q17602,*********MSNEDVAEDVSQ,2,0
Q17602,MSNEDVAEDVSQVTDFHFHTC,11,0
Q17602,EDVAEDVSQVTDFHFHTCRKF,14,0
Q17602,VSQVTDFHFHTCRKFRLFSSK,20,0
Q17602,FHTCRKFRLFSSKSDGYSQNE,28,0
Q17602,HTCRKFRLFSSKSDGYSQNEI,29,0
Q17602,CRKFRLFSSKSDGYSQNEINI,31,0
Q17602,RLFSSKSDGYSQNEINIRNRV,35,0
Q17602,NEINIRNRVATSSQLGVTFVT,47,0
Q17602,EINIRNRVATSSQLGVTFVTV,48,0
Q17602,INIRNRVATSSQLGVTFVTVN,49,0
Q17602,RVATSSQLGVTFVTVNSNQLS,54,0
Q17602,TSSQLGVTFVTVNSNQLSCFH,57,0
Q17602,QLGVTFVTVNSNQLSCFHTKS,60,0
Q17602,TFVTVNSNQLSCFHTKSLLGY,64,0
Q17602,VNSNQLSCFHTKSLLGYKITR,68,0
Q17602,SNQLSCFHTKSLLGYKITREN,70,0
Q17602,HTKSLLGYKITRENMNVEVTD,77,0
Q17602,ITRENMNVEVTDLPIKTIRLH,86,0
Q17602,NVEVTDLPIKTIRLHGVVLIN,92,0
Q17602,VVLINDMGVNSDGTVLGVLHT,108,0
Q17602,INDMGVNSDGTVLGVLHTKNN,111,0
Q17602,SDGTVLGVLHTKNNDVSVDVF,118,0
Q17602,GVLHTKNNDVSVDVFDIKKIC,124,0
Q17602,VDVFDIKKICTSSSIEPFKPL,135,0
Q17602,DVFDIKKICTSSSIEPFKPLC,136,0
Q17602,VFDIKKICTSSSIEPFKPLCT,137,0
Q17602,FDIKKICTSSSIEPFKPLCTT,138,0
Q17602,SSIEPFKPLCTTRVGTEQINQ,147,0
Q17602,SIEPFKPLCTTRVGTEQINQG,148,0
Q17602,FKPLCTTRVGTEQINQGSCLE,152,0
Q17602,RVGTEQINQGSCLEWNPAFPD,159,0
Q17602,CLEWNPAFPDTFAASSTDRSI,170,0
Q17602,NPAFPDTFAASSTDRSILVAK,174,0
Q17602,PAFPDTFAASSTDRSILVAKI,175,0
Q17602,AFPDTFAASSTDRSILVAKIN,176,0
Q17602,DTFAASSTDRSILVAKINVQS,179,0
Q17602,SILVAKINVQSPANQKLVGIG,189,0
Q17602,LVGIGKFGAVTTAISWSPKGK,205,0
Q17602,VGIGKFGAVTTAISWSPKGKQ,206,0
Q17602,GKFGAVTTAISWSPKGKQLTI,209,0
Q17602,FGAVTTAISWSPKGKQLTIGD,211,0
Q17602,ISWSPKGKQLTIGDSLGKIVQ,218,0
Q17602,PKGKQLTIGDSLGKIVQLKPE,222,0
Q17602,QLKPELEVVRSQHGPENKPNY,238,0
Q17602,PENKPNYGRITGLCWLATTEW,252,0
Q17602,GRITGLCWLATTEWLVSLENG,259,0
Q17602,RITGLCWLATTEWLVSLENGT,260,0
Q17602,CWLATTEWLVSLENGTDQDAY,265,0
Q17602,TEWLVSLENGTDQDAYLMRCK,270,0
Q17602,YLMRCKKDKPTEWIQFHELSY,285,0
Q17602,PTEWIQFHELSYSSSKWPLPP,294,0
Q17602,EWIQFHELSYSSSKWPLPPQL,296,0
Q17602,WIQFHELSYSSSKWPLPPQLF,297,0
Q17602,IQFHELSYSSSKWPLPPQLFP,298,0
Q17602,WPLPPQLFPATQLLVDWNVVI,310,0
Q17602,VDWNVVIVGNSKTSEISTVGK,324,0
Q17602,WNVVIVGNSKTSEISTVGKRD,326,0
Q17602,NVVIVGNSKTSEISTVGKRDD,327,0
Q17602,IVGNSKTSEISTVGKRDDWQT,330,0
Q17602,VGNSKTSEISTVGKRDDWQTW,331,0
Q17602,STVGKRDDWQTWVPVEGESIY,340,0
Q17602,WQTWVPVEGESIYLPTTSSGK,348,0
Q17602,PVEGESIYLPTTSSGKDTVPI,353,0
Q17602,VEGESIYLPTTSSGKDTVPIG,354,0
Q17602,EGESIYLPTTSSGKDTVPIGV,355,0
Q17602,GESIYLPTTSSGKDTVPIGVA,356,0
Q17602,YLPTTSSGKDTVPIGVAVDRS,360,0
Q17602,TVPIGVAVDRSMTDEVLLNPD,370,0
Q17602,PIGVAVDRSMTDEVLLNPDGS,372,0
Q17602,TDEVLLNPDGSQRHRPSPLVL,382,0
Q17602,NPDGSQRHRPSPLVLCLTNDG,388,0
Q17602,HRPSPLVLCLTNDGILTAHHI,395,0
Q17602,VLCLTNDGILTAHHIISTFAA,401,0
Q17602,DGILTAHHIISTFAAHIPCQM,407,0
Q17602,GILTAHHIISTFAAHIPCQMS,408,0
Q17602,TFAAHIPCQMSSQNLAINDLK,418,0
Q17602,FAAHIPCQMSSQNLAINDLKK,419,0
Q17602,INDLKKLQFDSQKPISAPPSD,434,0
Q17602,KLQFDSQKPISAPPSDQTPVT,439,0
Q17602,DSQKPISAPPSDQTPVTKPST,443,0
Q17602,KPISAPPSDQTPVTKPSTVFG,446,0
Q17602,SAPPSDQTPVTKPSTVFGQKP,449,0
Q17602,PSDQTPVTKPSTVFGQKPEAE,452,0
Q17602,SDQTPVTKPSTVFGQKPEAET,453,0
Q17602,TVFGQKPEAETLKSSLVGSPS,463,0
Q17602,GQKPEAETLKSSLVGSPSSVQ,466,0
Q17602,QKPEAETLKSSLVGSPSSVQT,467,0
Q17602,AETLKSSLVGSPSSVQTPKPS,471,0
Q17602,TLKSSLVGSPSSVQTPKPSSS,473,0
Q17602,LKSSLVGSPSSVQTPKPSSSL,474,0
Q17602,SLVGSPSSVQTPKPSSSLFNP,477,0
Q17602,SPSSVQTPKPSSSLFNPKSIA,481,0
Q17602,PSSVQTPKPSSSLFNPKSIAS,482,0
Q17602,SSVQTPKPSSSLFNPKSIASN,483,0
Q17602,KPSSSLFNPKSIASNIETSQL,489,0
Q17602,SSLFNPKSIASNIETSQLTES,492,0
Q17602,NPKSIASNIETSQLTESKPST,496,0
Q17602,PKSIASNIETSQLTESKPSTP,497,0
Q17602,IASNIETSQLTESKPSTPAAP,500,0
Q17602,SNIETSQLTESKPSTPAAPSS,502,0
Q17602,ETSQLTESKPSTPAAPSSQPK,505,0
Q17602,TSQLTESKPSTPAAPSSQPKI,506,0
Q17602,ESKPSTPAAPSSQPKIASTPK,511,0
Q17602,SKPSTPAAPSSQPKIASTPKS,512,0
Q17602,AAPSSQPKIASTPKSEAIPKI,518,0
Q17602,APSSQPKIASTPKSEAIPKIS,519,0
Q17602,SQPKIASTPKSEAIPKISDKT,522,0
Q17602,TPKSEAIPKISDKTLEHKKAE,529,0
Q17602,SEAIPKISDKTLEHKKAELIA,532,0
Q17602,LEHKKAELIATKKQVLIERMD,543,0
Q17602,LIERMDKINDSMAGAKDATMK,558,0
Q17602,NDSMAGAKDATMKLSFAVGKV,566,0
Q17602,AGAKDATMKLSFAVGKVKTTI,570,0
Q17602,KLSFAVGKVKTTIMECADVVR,578,0
Q17602,LSFAVGKVKTTIMECADVVRA,579,0
Q17602,IMECADVVRASLGDSKEVMDE,590,0
Q17602,ADVVRASLGDSKEVMDELKNL,594,0
Q17602,VMDELKNLILSIERMSDRTQH,607,0
Q17602,KNLILSIERMSDRTQHTVKEM,612,0
Q17602,ILSIERMSDRTQHTVKEMDFE,615,0
Q17602,IERMSDRTQHTVKEMDFEIDE,618,0
Q17602,NQVLEKLRNMSETEKLMRFNK,650,0
Q17602,VLEKLRNMSETEKLMRFNKLE,652,0
Q17602,EKLMRFNKLETAADLLNGKYE,663,0
Q17602,DLLNGKYEECSDLIKKLRMSL,676,0
Q17602,CSDLIKKLRMSLSEKESLRKQ,685,0
Q17602,DLIKKLRMSLSEKESLRKQAI,687,0
Q17602,KLRMSLSEKESLRKQAILSPL,691,0
Q17602,KESLRKQAILSPLRLSSNLNQ,699,0
Q17602,KQAILSPLRLSSNLNQLRSGS,704,0
Q17602,QAILSPLRLSSNLNQLRSGSE,705,0
Q17602,RLSSNLNQLRSGSETELALKV,712,0
Q17602,SSNLNQLRSGSETELALKVMR,714,0
Q17602,NLNQLRSGSETELALKVMRNV,716,0
Q17602,ELALKVMRNVSKIIMDTREQI,727,0
Q17602,MRNVSKIIMDTREQIQRTELE,733,0
Q17602,IMDTREQIQRTELEFVRFQRD,740,0
Q17602,FKKGKENLNFTQPLEMSSLDG,766,0
Q17602,NLNFTQPLEMSSLDGDAPQGK,772,0
Q17602,LNFTQPLEMSSLDGDAPQGKS,773,0
Q17602,SLDGDAPQGKSLTDAESIKVR,783,0
Q17602,DGDAPQGKSLTDAESIKVRQA,785,0
Q17602,PQGKSLTDAESIKVRQALVNQ,789,0
Q17602,NQIQKRGIVKTRNVIVESYKK,808,0
Q17602,IVKTRNVIVESYKKSENSAAM,815,0
Q17602,RNVIVESYKKSENSAAMKNDL,819,0
Q17602,IVESYKKSENSAAMKNDLLDT,822,0
Q17602,SAAMKNDLLDTSNLSNAILKL,832,0
Q17602,AAMKNDLLDTSNLSNAILKLS,833,0
Q17602,KNDLLDTSNLSNAILKLSMTP,836,0
Q17602,SNLSNAILKLSMTPRRVMPSS,843,0
Q17602,LSNAILKLSMTPRRVMPSSSL,845,0
Q17602,LSMTPRRVMPSSSLFSASPST,852,0
Q17602,SMTPRRVMPSSSLFSASPSTP,853,0
Q17602,MTPRRVMPSSSLFSASPSTPS,854,0
Q17602,RRVMPSSSLFSASPSTPSTKS,857,0
Q17602,VMPSSSLFSASPSTPSTKSDA,859,0
Q17602,PSSSLFSASPSTPSTKSDAAT,861,0
Q17602,SSSLFSASPSTPSTKSDAATQ,862,0
Q17602,SLFSASPSTPSTKSDAATQAD,864,0
Q17602,LFSASPSTPSTKSDAATQADE,865,0
Q17602,SASPSTPSTKSDAATQADEPP,867,0
Q17602,STPSTKSDAATQADEPPIVKT,871,0
Q17602,TQADEPPIVKTVVVTVESPAK,881,0
Q17602,EPPIVKTVVVTVESPAKPIAS,885,0
Q17602,IVKTVVVTVESPAKPIASAPA,888,0
Q17602,TVESPAKPIASAPAVSSPLIK,895,0
Q17602,AKPIASAPAVSSPLIKLNTTT,900,0
Q17602,KPIASAPAVSSPLIKLNTTTA,901,0
Q17602,AVSSPLIKLNTTTATTTMTTP,908,0
Q17602,VSSPLIKLNTTTATTTMTTPK,909,0
Q17602,SSPLIKLNTTTATTTMTTPKV,910,0
Q17602,PLIKLNTTTATTTMTTPKVTV,912,0
Q17602,LIKLNTTTATTTMTTPKVTVP,913,0
Q17602,IKLNTTTATTTMTTPKVTVPK,914,0
Q17602,LNTTTATTTMTTPKVTVPKEE,916,0
Q17602,NTTTATTTMTTPKVTVPKEEA,917,0
Q17602,ATTTMTTPKVTVPKEEANKTQ,921,0
Q17602,VTVPKEEANKTQDQKPIISTP,930,0
Q17602,NKTQDQKPIISTPASSSIFSS,938,0
Q17602,KTQDQKPIISTPASSSIFSSG,939,0
Q17602,DQKPIISTPASSSIFSSGSLF,942,0
Q17602,QKPIISTPASSSIFSSGSLFG,943,0
Q17602,KPIISTPASSSIFSSGSLFGT,944,0
Q17602,ISTPASSSIFSSGSLFGTKTQ,947,0
Q17602,STPASSSIFSSGSLFGTKTQT,948,0
Q17602,PASSSIFSSGSLFGTKTQTPL,950,0
Q17602,SIFSSGSLFGTKTQTPLVSKE,954,0
Q17602,FSSGSLFGTKTQTPLVSKEES,956,0
Q17602,SGSLFGTKTQTPLVSKEESTL,958,0
Q17602,FGTKTQTPLVSKEESTLTTGV,962,0
Q17602,TQTPLVSKEESTLTTGVPSLI,966,0
Q17602,QTPLVSKEESTLTTGVPSLIN,967,0
Q17602,PLVSKEESTLTTGVPSLINSS,969,0
Q17602,LVSKEESTLTTGVPSLINSSL,970,0
Q17602,EESTLTTGVPSLINSSLSISP,974,0
Q17602,LTTGVPSLINSSLSISPQEIE,978,0
Q17602,TTGVPSLINSSLSISPQEIEK,979,0
Q17602,GVPSLINSSLSISPQEIEKAS,981,0
Q17602,PSLINSSLSISPQEIEKASSK,983,0
Q17602,SISPQEIEKASSKVETLNKTE,991,0
Q17602,ISPQEIEKASSKVETLNKTEE,992,0
Q17602,EIEKASSKVETLNKTEEVKDE,996,0
Q17602,ASSKVETLNKTEEVKDEKSEN,1000,0
Q17602,NKTEEVKDEKSENEVTPDLKS,1008,0
Q17602,VKDEKSENEVTPDLKSEEPKS,1013,0
Q17602,SENEVTPDLKSEEPKSLETKV,1018,0
Q17602,TPDLKSEEPKSLETKVKEEPK,1023,0
Q17602,LKSEEPKSLETKVKEEPKPAV,1026,0
Q17602,VKEEPKPAVQTPVKEEETGSN,1038,0
Q17602,AVQTPVKEEETGSNIQKTPSF,1045,0
Q17602,QTPVKEEETGSNIQKTPSFSF,1047,0
Q17602,EEETGSNIQKTPSFSFNSTTT,1052,0
Q17602,ETGSNIQKTPSFSFNSTTTPK,1054,0
Q17602,GSNIQKTPSFSFNSTTTPKST,1056,0
Q17602,IQKTPSFSFNSTTTPKSTSST,1059,0
Q17602,QKTPSFSFNSTTTPKSTSSTS,1060,0
Q17602,KTPSFSFNSTTTPKSTSSTSS,1061,0
Q17602,TPSFSFNSTTTPKSTSSTSSI,1062,0
Q17602,FSFNSTTTPKSTSSTSSIFGG,1065,0
Q17602,SFNSTTTPKSTSSTSSIFGGG,1066,0
Q17602,FNSTTTPKSTSSTSSIFGGGL,1067,0
Q17602,NSTTTPKSTSSTSSIFGGGLK,1068,0
Q17602,STTTPKSTSSTSSIFGGGLKT,1069,0
Q17602,TTTPKSTSSTSSIFGGGLKTQ,1070,0
Q17602,TTPKSTSSTSSIFGGGLKTQT,1071,0
Q17602,TSSIFGGGLKTQTPSSSNSTN,1079,0
Q17602,SIFGGGLKTQTPSSSNSTNIF,1081,0
Q17602,FGGGLKTQTPSSSNSTNIFGA,1083,0
Q17602,GGGLKTQTPSSSNSTNIFGAR,1084,0
Q17602,GGLKTQTPSSSNSTNIFGART,1085,0
Q17602,LKTQTPSSSNSTNIFGARTTT,1087,0
Q17602,KTQTPSSSNSTNIFGARTTTT,1088,0
Q17602,IFGARTTTTATPTPASNTSSI,1100,0
Q17602,GARTTTTATPTPASNTSSIFG,1102,0
Q17602,TTTTATPTPASNTSSIFGGGS,1105,0
Q17602,TTATPTPASNTSSIFGGGSKA,1107,0
Q17602,TATPTPASNTSSIFGGGSKAA,1108,0
Q17602,ATPTPASNTSSIFGGGSKAAS,1109,0
Q17602,SNTSSIFGGGSKAASSPFGSF,1115,0
Q17602,SIFGGGSKAASSPFGSFGQAG,1119,0
Q17602,IFGGGSKAASSPFGSFGQAGC,1120,0
Q17602,GSKAASSPFGSFGQAGCQPAK,1124,0
Q17602,SASAKPAGFGSFGAGASAKPS,1165,0
Q17602,AGFGSFGAGASAKPSSVFGGS,1171,0
Q17602,SFGAGASAKPSSVFGGSVTAP,1175,0
Q17602,FGAGASAKPSSVFGGSVTAPT,1176,0
Q17602,SAKPSSVFGGSVTAPTVPNVD,1181,0
Q17602,KPSSVFGGSVTAPTVPNVDDG,1183,0
Q17602,SVFGGSVTAPTVPNVDDGMED,1186,0
Q17602,PNVDDGMEDDSMANGGGSGGF,1198,0
Q17602,EDDSMANGGGSGGFMSGLGNA,1205,0
Q17602,ANGGGSGGFMSGLGNARTSNT,1210,0
Q17602,GFMSGLGNARTSNTSGGNNPF,1217,0
Q17602,FMSGLGNARTSNTSGGNNPFA,1218,0
Q17602,SGLGNARTSNTSGGNNPFAPK,1220,0
Q17602,GLGNARTSNTSGGNNPFAPKT,1221,0
Q17602,SGGNNPFAPKTSTGTSASSSS,1231,0
Q17602,GGNNPFAPKTSTGTSASSSSW,1232,0
Q17602,GNNPFAPKTSTGTSASSSSWL,1233,0
Q17602,NPFAPKTSTGTSASSSSWLFG,1235,0
Q17602,PFAPKTSTGTSASSSSWLFGG,1236,0
Q17602,APKTSTGTSASSSSWLFGGGG,1238,0
Q17602,PKTSTGTSASSSSWLFGGGGN,1239,0
Q17602,KTSTGTSASSSSWLFGGGGNQ,1240,0
Q17602,TSTGTSASSSSWLFGGGGNQQ,1241,0
Q17602,NQQQQQQQKPSFSFNTAGSSA,1259,0
Q17602,QQQQQQKPSFSFNTAGSSAQQ,1261,0
Q17602,QQQKPSFSFNTAGSSAQQASA,1264,0
Q17602,KPSFSFNTAGSSAQQASAPAT,1267,0
Q17602,PSFSFNTAGSSAQQASAPATG,1268,0
Q17602,NTAGSSAQQASAPATGTSSVF,1273,0
Q17602,SSAQQASAPATGTSSVFGGAP,1277,0
Q17602,AQQASAPATGTSSVFGGAPKF,1279,0
Q17602,QQASAPATGTSSVFGGAPKFG,1280,0
Q17602,QASAPATGTSSVFGGAPKFGS,1281,0
Q17602,SVFGGAPKFGSQPAFGAKPFG,1291,0
Q17602,PFGGGANAGLSKNASIFGGAT,1309,0
Q17602,GANAGLSKNASIFGGATSSTT,1313,0
Q17602,SKNASIFGGATSSTTNNPATG,1319,0
Q17602,KNASIFGGATSSTTNNPATGG,1320,0
Q17602,NASIFGGATSSTTNNPATGGF,1321,0
Q17602,ASIFGGATSSTTNNPATGGFA,1322,0
Q17602,SIFGGATSSTTNNPATGGFAQ,1323,0
Q17602,ATSSTTNNPATGGFAQFASGQ,1328,0
Q17602,PATGGFAQFASGQKTSSLFGG,1336,0
Q17602,GFAQFASGQKTSSLFGGGATP,1340,0
Q17602,FAQFASGQKTSSLFGGGATPQ,1341,0
Q17602,AQFASGQKTSSLFGGGATPQT,1342,0
Q17602,KTSSLFGGGATPQTNTSIFGG,1349,0
Q17602,SLFGGGATPQTNTSIFGGGAN,1352,0
Q17602,FGGGATPQTNTSIFGGGANTT,1354,0
Q17602,GGGATPQTNTSIFGGGANTTP,1355,0
Q17602,NTSIFGGGANTTPAPTSSVFG,1363,0
Q17602,TSIFGGGANTTPAPTSSVFGG,1364,0
Q17602,GGGANTTPAPTSSVFGGGASA,1368,0
Q17602,GGANTTPAPTSSVFGGGASAN,1369,0
Q17602,GANTTPAPTSSVFGGGASANA,1370,0
Q17602,PTSSVFGGGASANANKPTSFT,1377,0
Q17602,GGASANANKPTSFTSWR****,1384,0
Q17602,GASANANKPTSFTSWR*****,1385,0
Q17602,SANANKPTSFTSWR*******,1387,0
Q17602,ANANKPTSFTSWR********,1388,0
Q10925,********MASTSGALVDDNV,3,0
Q10925,*******MASTSGALVDDNVL,4,0
Q10925,******MASTSGALVDDNVLE,5,0
Q10925,LRKAQLDAFISQFVFLFNVRR,27,0
Q10925,LFNVRRFDHFSHVRDKDMLEI,42,0
Q10925,RQLREQILKMSREMWNRSDPK,70,0
Q10925,LKMSREMWNRSDPKQVYIQAD,77,0
Q10925,PKQVYIQADQSMPAQNSIDEK,89,0
Q10925,QADQSMPAQNSIDEKALIPNE,95,0
Q10925,IKLYELIGEGSFAVVKRGTWT,117,0
Q10925,EGSFAVVKRGTWTQSNGTHVN,125,0
Q10925,SFAVVKRGTWTQSNGTHVNVA,127,0
Q10925,AVVKRGTWTQSNGTHVNVAVK,129,0
Q10925,KRGTWTQSNGTHVNVAVKILR,132,0
Q10925,NVAVKILRDISPNIMDDLRVE,145,0
Q10925,NIMDDLRVEASHLLKLQHPSL,157,0
Q10925,ASHLLKLQHPSLIRLYGIVRQ,166,0
Q10925,MMVFELCEGGSLLDRLRDDKK,189,0
Q10925,RDDKKAILLVSRLHDYCMQIA,205,0
Q10925,QIAKALQFLESKHCVHRDVAA,223,0
Q10925,RNILLARDERTVKICDFGLMR,244,0
Q10925,RALKENEQMYTMAPQKKVPFA,264,0
Q10925,PPEALRHRKFSHASDVWSYGV,287,0
Q10925,ALRHRKFSHASDVWSYGVTIW,290,0
Q10925,RKFSHASDVWSYGVTIWEVFT,294,0
Q10925,HASDVWSYGVTIWEVFTFGEE,298,0
Q10925,SYGVTIWEVFTFGEEPWVGCR,304,0
Q10925,GERLEKPKYCSERIYQIMKNC,335,0
Q10925,AMFLDAVARETYNSIQPGALQ,376,0
Q10925,LDAVARETYNSIQPGALQLTK,379,0
Q10925,NSIQPGALQLTKGDEVVVVEN,388,0
Q10925,KGDEVVVVENTGQDWFGQNKK,399,0
Q10925,GQNKKNQKFGTFPRSVVFAQT,415,0
Q10925,KNQKFGTFPRSVVFAQTNNAV,419,0
Q10925,TFPRSVVFAQTNNAVAAATAV,425,0
Q10925,AQTNNAVAAATAVTPQKVPTA,433,0
Q10925,NNAVAAATAVTPQKVPTAPTI,436,0
Q10925,ATAVTPQKVPTAPTIRIPPSH,442,0
Q10925,VTPQKVPTAPTIRIPPSHPPP,445,0
Q10925,PTAPTIRIPPSHPPPAPLKPL,451,0
Q10925,PAPLKPLNNNTKTSLNDRTSK,465,0
Q10925,PLKPLNNNTKTSLNDRTSKIS,467,0
Q10925,LKPLNNNTKTSLNDRTSKISM,468,0
Q10925,NNTKTSLNDRTSKISMPVAGS,473,0
Q10925,NTKTSLNDRTSKISMPVAGSF,474,0
Q10925,TSLNDRTSKISMPVAGSFIHT,477,0
Q10925,TSKISMPVAGSFIHTGHGDPL,483,0
Q10925,SMPVAGSFIHTGHGDPLGGQS,487,0
Q10925,TGHGDPLGGQSWGNPATIADM,497,0
Q10925,LGGQSWGNPATIADMYLKNPV,503,0
Q10925,LKNPVNGAPLSSMSSGAEIIA,519,0
Q10925,KNPVNGAPLSSMSSGAEIIAS,520,0
Q10925,PVNGAPLSSMSSGAEIIASKE,522,0
Q10925,VNGAPLSSMSSGAEIIASKEL,523,0
Q10925,SMSSGAEIIASKELLTNGGRS,530,0
Q10925,AEIIASKELLTNGGRSTHQPA,535,0
Q10925,SKELLTNGGRSTHQPAAPSPA,540,0
Q10925,KELLTNGGRSTHQPAAPSPAV,541,0
Q10925,GRSTHQPAAPSPAVMSKIRGL,548,0
Q10925,QPAAPSPAVMSKIRGLSLDLP,553,0
Q10925,PAVMSKIRGLSLDLPEYDDFD,559,0
Q10925,DFDRAFDDGFSPSKIELPREF,577,0
Q10925,DRAFDDGFSPSKIELPREFCG,579,0
Q10925,ELPREFCGNDSVISGGSNSIG,592,0
Q10925,REFCGNDSVISGGSNSIGLAN,595,0
Q10925,CGNDSVISGGSNSIGLANTYV,598,0
Q10925,NDSVISGGSNSIGLANTYVME,600,0
Q10925,GGSNSIGLANTYVMEPPKQAF,606,0
Q10925,DIRGNRVLPPTNKAPVLIPTN,627,0
Q10925,PTNKAPVLIPTNPAPSVISST,636,0
Q10925,PVLIPTNPAPSVISSTASAGI,641,0
Q10925,IPTNPAPSVISSTASAGITLS,644,0
Q10925,PTNPAPSVISSTASAGITLST,645,0
Q10925,TNPAPSVISSTASAGITLSTN,646,0
Q10925,PAPSVISSTASAGITLSTNSS,648,0
Q10925,VISSTASAGITLSTNSSQMFT,652,0
Q10925,SSTASAGITLSTNSSQMFTSQ,654,0
Q10925,STASAGITLSTNSSQMFTSQD,655,0
Q10925,ASAGITLSTNSSQMFTSQDRH,657,0
Q10925,SAGITLSTNSSQMFTSQDRHS,658,0
Q10925,TLSTNSSQMFTSQDRHSNMPA,662,0
Q10925,LSTNSSQMFTSQDRHSNMPAN,663,0
Q10925,SQMFTSQDRHSNMPANLFPEL,668,0
Q10925,PELQHRLNQGSSTGNGVRPRP,686,0
Q10925,ELQHRLNQGSSTGNGVRPRPA,687,0
Q10925,LQHRLNQGSSTGNGVRPRPAS,688,0
Q10925,TGNGVRPRPASSIGIQNNDLS,698,0
Q10925,GNGVRPRPASSIGIQNNDLSM,699,0
Q10925,SSIGIQNNDLSMLNPQVNRPF,708,0
Q10925,MLNPQVNRPFSVVNVPIVQQP,719,0
Q10925,QPANIPCLVPTPAPPAPAHFS,738,0
Q10925,TPAPPAPAHFSQPVSSQRVAQ,748,0
Q10925,PAPAHFSQPVSSQRVAQQQQN,752,0
Q10925,APAHFSQPVSSQRVAQQQQNT,753,0
Q10925,SQRVAQQQQNTLQKALNDELK,763,0
Q10925,ELKGNLNKRPTGTTAPPSNGF,781,0
Q10925,KGNLNKRPTGTTAPPSNGFNA,783,0
Q10925,GNLNKRPTGTTAPPSNGFNAP,784,0
Q10925,KRPTGTTAPPSNGFNAPRADV,788,0
Q10925,DVAPVQQRPISSASIPALQPQ,807,0
Q10925,VAPVQQRPISSASIPALQPQP,808,0
Q10925,PVQQRPISSASIPALQPQPIQ,810,0
Q10925,IQPQQVRIPPSTAPVQKPVQV,836,0
Q10925,QPQQVRIPPSTAPVQKPVQVS,837,0
Q10925,TAPVQKPVQVSAPTHSNVAPT,847,0
Q10925,VQKPVQVSAPTHSNVAPTTSS,850,0
Q10925,KPVQVSAPTHSNVAPTTSSQA,852,0
Q10925,SAPTHSNVAPTTSSQASADAR,857,0
Q10925,APTHSNVAPTTSSQASADARN,858,0
Q10925,PTHSNVAPTTSSQASADARNP,859,0
Q10925,THSNVAPTTSSQASADARNPL,860,0
Q10925,NVAPTTSSQASADARNPLPPK,863,0
Q10925,AAPTTSAPSTSVVTRRPTSTT,900,0
Q10925,TTSAPSTSVVTRRPTSTTAQM,903,0
Q10925,PSTSVVTRRPTSTTAQMSDEE,907,0
Q10925,STSVVTRRPTSTTAQMSDEER,908,0
Q10925,TSVVTRRPTSTTAQMSDEERR,909,0
Q10925,SVVTRRPTSTTAQMSDEERRS,910,0
Q10925,RRPTSTTAQMSDEERRSRIAM,914,0
Q10925,TAQMSDEERRSRIAMDISSAL,920,0
Q10925,ERRSRIAMDISSALPAPSALL,927,0
Q10925,RRSRIAMDISSALPAPSALLY,928,0
Q10925,MDISSALPAPSALLYGSNSTS,934,0
Q10925,LPAPSALLYGSNSTSSLPSAA,940,0
Q10925,APSALLYGSNSTSSLPSAAVS,942,0
Q10925,PSALLYGSNSTSSLPSAAVST,943,0
Q10925,SALLYGSNSTSSLPSAAVSTA,944,0
Q10925,ALLYGSNSTSSLPSAAVSTAS,945,0
Q10925,YGSNSTSSLPSAAVSTASSVP,948,0
Q10925,STSSLPSAAVSTASSVPSTAR,952,0
Q10925,TSSLPSAAVSTASSVPSTARD,953,0
Q10925,SLPSAAVSTASSVPSTARDNP,955,0
Q10925,LPSAAVSTASSVPSTARDNPV,956,0
Q10925,AAVSTASSVPSTARDNPVETR,959,0
Q10925,AVSTASSVPSTARDNPVETRP,960,0
Q10925,PSTARDNPVETRPSQPHVTMP,968,0
Q10925,ARDNPVETRPSQPHVTMPPKK,971,0
Q10925,VETRPSQPHVTMPPKKSSEPI,976,0
Q10925,QPHVTMPPKKSSEPILSSEVL,982,0
Q10925,PHVTMPPKKSSEPILSSEVLQ,983,0
Q10925,PPKKSSEPILSSEVLQPTRLP,988,0
Q10925,PKKSSEPILSSEVLQPTRLPS,989,0
Q10925,PILSSEVLQPTRLPSATTSQA,995,0
Q10925,SEVLQPTRLPSATTSQAKPVT,999,0
Q10925,VLQPTRLPSATTSQAKPVTQP,1001,0
Q10925,LQPTRLPSATTSQAKPVTQPI,1002,0
Q10925,QPTRLPSATTSQAKPVTQPIR,1003,0
Q10925,SATTSQAKPVTQPIRHPSPPV,1009,0
Q10925,KPVTQPIRHPSPPVATVIPTA,1016,0
Q10925,PIRHPSPPVATVIPTAVVDKK,1021,0
Q10925,PSPPVATVIPTAVVDKKPVSQ,1025,0
Q10925,PTAVVDKKPVSQNQGSNVPLF,1034,0
Q10925,DKKPVSQNQGSNVPLFNITNS,1039,0
Q10925,QGSNVPLFNITNSSNGYPQLN,1047,0
Q10925,SNVPLFNITNSSNGYPQLNGY,1049,0
Q10925,NVPLFNITNSSNGYPQLNGYP,1050,0
Q10925,QGYPGYQGYNSYGNGMGQLAL,1087,0
Q10925,YGNGMGQLALTHNAVTSLPPL,1098,0
Q10925,GQLALTHNAVTSLPPLVPSEN,1103,0
Q10925,QLALTHNAVTSLPPLVPSENR,1104,0
Q10925,AVTSLPPLVPSENRFSGTAQP,1111,0
Q10925,PPLVPSENRFSGTAQPLGESD,1116,0
Q10925,LVPSENRFSGTAQPLGESDIM,1118,0
Q10925,FSGTAQPLGESDIMEFLGTQQ,1125,0
Q10925,GESDIMEFLGTQQRQAGSSSR,1133,0
Q10925,FLGTQQRQAGSSSRAVPPASA,1140,0
Q10925,LGTQQRQAGSSSRAVPPASAS,1141,0
Q10925,GTQQRQAGSSSRAVPPASAST,1142,0
Q10925,GSSSRAVPPASASTSAASGIT,1149,0
Q10925,SSRAVPPASASTSAASGITDL,1151,0
Q10925,SRAVPPASASTSAASGITDLS,1152,0
Q10925,RAVPPASASTSAASGITDLSM,1153,0
Q10925,PPASASTSAASGITDLSMADK,1156,0
Q10925,SASTSAASGITDLSMADKMEV,1159,0
Q10925,TSAASGITDLSMADKMEVLYR,1162,0
Q10925,MEVLYREADFTHKGNCDTMVS,1177,0
Q10925,ADFTHKGNCDTMVSQCNGNTE,1184,0
Q10925,THKGNCDTMVSQCNGNTEQAL,1187,0
Q10925,DTMVSQCNGNTEQALKLLKQQ,1193,0
Q10925,QHLVDMELAMSTETARQALEA,1213,0
Q10925,HLVDMELAMSTETARQALEAR,1214,0
Q10925,VDMELAMSTETARQALEARQY,1216,0
O76743,*********MSFSDDGWGAEA,2,0
O76743,*******MSFSDDGWGAEAEV,4,0
O76743,PPVEPPRAPQSTAIKTEPERN,37,0
O76743,PVEPPRAPQSTAIKTEPERNS,38,0
O76743,PRAPQSTAIKTEPERNSDEPS,42,0
O76743,TAIKTEPERNSDEPSAGFGID,48,0
O76743,TEPERNSDEPSAGFGIDPITT,52,0
O76743,PSAGFGIDPITTSKTFGSQTT,61,0
O76743,SAGFGIDPITTSKTFGSQTTP,62,0
O76743,AGFGIDPITTSKTFGSQTTPK,63,0
O76743,FGIDPITTSKTFGSQTTPKTE,65,0
O76743,DPITTSKTFGSQTTPKTEFGG,68,0
O76743,ITTSKTFGSQTTPKTEFGGAP,70,0
O76743,TTSKTFGSQTTPKTEFGGAPS,71,0
O76743,KTFGSQTTPKTEFGGAPSLSG,74,0
O76743,TPKTEFGGAPSLSGFGGNAAA,81,0
O76743,KTEFGGAPSLSGFGGNAAAAA,83,0
O76743,GNAAAAAANKTSFDQQGNGFG,97,0
O76743,NAAAAAANKTSFDQQGNGFGG,98,0
O76743,HGFGGVGGAPSSFGANVIPVN,122,0
O76743,GFGGVGGAPSSFGANVIPVNK,123,0
O76743,GANVIPVNKPSLGHKTTGFGG,135,0
O76743,PVNKPSLGHKTTGFGGEPKHV,140,0
O76743,VNKPSLGHKTTGFGGEPKHVS,141,0
O76743,TGFGGEPKHVSGGAFSSANNF,151,0
O76743,EPKHVSGGAFSSANNFDQQDK,156,0
O76743,PKHVSGGAFSSANNFDQQDKG,157,0
O76743,QQDKGFGGAASSGFGNGSMLT,173,0
O76743,QDKGFGGAASSGFGNGSMLTN,174,0
O76743,GAASSGFGNGSMLTNQKVGLE,180,0
O76743,SSGFGNGSMLTNQKVGLENQT,183,0
O76743,GGAAKMGFGGSSSSGFGGQKA,230,0
O76743,GAAKMGFGGSSSSGFGGQKAG,231,0
O76743,AAKMGFGGSSSSGFGGQKAGA,232,0
O76743,AKMGFGGSSSSGFGGQKAGAT,233,0
O76743,SGFGGQKAGATESSGFPTKET,243,0
O76743,FGGQKAGATESSGFPTKETST,245,0
O76743,GGQKAGATESSGFPTKETSTS,246,0
O76743,AGATESSGFPTKETSTSQPGF,250,0
O76743,TESSGFPTKETSTSQPGFGGD,253,0
O76743,ESSGFPTKETSTSQPGFGGDS,254,0
O76743,SSGFPTKETSTSQPGFGGDSS,255,0
O76743,SGFPTKETSTSQPGFGGDSST,256,0
O76743,STSQPGFGGDSSTGFGSGLKA,264,0
O76743,TSQPGFGGDSSTGFGSGLKAG,265,0
O76743,SQPGFGGDSSTGFGSGLKAGF,266,0
O76743,FGGDSSTGFGSGLKAGFGGHG,270,0
O76743,GGHGAGAAENSGLPTETTGFG,287,0
O76743,AGAAENSGLPTETTGFGGKLP,291,0
O76743,AAENSGLPTETTGFGGKLPSA,293,0
O76743,AENSGLPTETTGFGGKLPSAG,294,0
O76743,ETTGFGGKLPSAGFGASSSNE,302,0
O76743,GKLPSAGFGASSSNESAFGQQ,308,0
O76743,KLPSAGFGASSSNESAFGQQS,309,0
O76743,LPSAGFGASSSNESAFGQQSK,310,0
O76743,AGFGASSSNESAFGQQSKGFG,313,0
O76743,SSNESAFGQQSKGFGGATKNG,319,0
O76743,GQQSKGFGGATKNGFGGDSSS,326,0
O76743,GATKNGFGGDSSSSFGSGSKA,334,0
O76743,ATKNGFGGDSSSSFGSGSKAG,335,0
O76743,TKNGFGGDSSSSFGSGSKAGF,336,0
O76743,KNGFGGDSSSSFGSGSKAGFG,337,0
O76743,FGGDSSSSFGSGSKAGFGGTS,340,0
O76743,GDSSSSFGSGSKAGFGGTSSS,342,0
O76743,GSGSKAGFGGTSSSGIGGQKP,349,0
O76743,SGSKAGFGGTSSSGIGGQKPG,350,0
O76743,GSKAGFGGTSSSGIGGQKPGA,351,0
O76743,SKAGFGGTSSSGIGGQKPGAT,352,0
O76743,SGIGGQKPGATESSGFPTKET,362,0
O76743,IGGQKPGATESSGFPTKETST,364,0
O76743,GGQKPGATESSGFPTKETSTS,365,0
O76743,PGATESSGFPTKETSTSGGTF,369,0
O76743,TESSGFPTKETSTSGGTFGSG,372,0
O76743,ESSGFPTKETSTSGGTFGSGF,373,0
O76743,SSGFPTKETSTSGGTFGSGFG,374,0
O76743,SGFPTKETSTSGGTFGSGFGG,375,0
O76743,PTKETSTSGGTFGSGFGGKPT,378,0
O76743,ETSTSGGTFGSGFGGKPTSTG,381,0
O76743,TFGSGFGGKPTSTGFGAPSTT,388,0
O76743,FGSGFGGKPTSTGFGAPSTTD,389,0
O76743,GSGFGGKPTSTGFGAPSTTDS,390,0
O76743,KPTSTGFGAPSTTDSSSGQQT,396,0
O76743,PTSTGFGAPSTTDSSSGQQTA,397,0
O76743,TSTGFGAPSTTDSSSGQQTAG,398,0
O76743,TGFGAPSTTDSSSGQQTAGFG,400,0
O76743,GFGAPSTTDSSSGQQTAGFGG,401,0
O76743,FGAPSTTDSSSGQQTAGFGGA,402,0
O76743,STTDSSSGQQTAGFGGASKPG,406,0
O76743,GQQTAGFGGASKPGFGGDSST,413,0
O76743,GASKPGFGGDSSTGFGSGLKA,421,0
O76743,ASKPGFGGDSSTGFGSGLKAG,422,0
O76743,SKPGFGGDSSTGFGSGLKAGF,423,0
O76743,FGGDSSTGFGSGLKAGFGGHR,427,0
O76743,LKAGFGGHRASTAENSGLPTE,439,0
O76743,KAGFGGHRASTAENSGLPTET,440,0
O76743,GGHRASTAENSGLPTETTGFG,444,0
O76743,ASTAENSGLPTETTGFGGKLP,448,0
O76743,TAENSGLPTETTGFGGKLPPA,450,0
O76743,AENSGLPTETTGFGGKLPPAG,451,0
O76743,GKLPPAGFGASSSNESAFGQQ,465,0
O76743,KLPPAGFGASSSNESAFGQQS,466,0
O76743,LPPAGFGASSSNESAFGQQSK,467,0
O76743,AGFGASSSNESAFGQQSKGFG,470,0
O76743,SSNESAFGQQSKGFGGATKNG,476,0
O76743,GQQSKGFGGATKNGFGGDSSN,483,0
O76743,GATKNGFGGDSSNSFGKRDSG,491,0
O76743,ATKNGFGGDSSNSFGKRDSGF,492,0
O76743,KNGFGGDSSNSFGKRDSGFGG,494,0
O76743,DSSNSFGKRDSGFGGPQDQGF,500,0
O76743,GGPQDQGFGDTDAPSKSGLGS,513,0
O76743,DQGFGDTDAPSKSGLGSFNTG,517,0
O76743,GFGDTDAPSKSGLGSFNTGGG,519,0
O76743,TDAPSKSGLGSFNTGGGAVKS,523,0
O76743,PSKSGLGSFNTGGGAVKSAFG,526,0
O76743,SFNTGGGAVKSAFGAAGFGSS,533,0
O76743,KSAFGAAGFGSSSNFGNGNTF,542,0
O76743,SAFGAAGFGSSSNFGNGNTFG,543,0
O76743,AFGAAGFGSSSNFGNGNTFGE,544,0
O76743,GSSSNFGNGNTFGEPSDNQRG,551,0
O76743,FGNGNTFGEPSDNQRGNWDGG,556,0
O76743,CHNCGEEGHISKECDKPKVPR,582,0
O76743,RNCEQLGHFASDCDQPRVPRG,606,0
O76743,CQNERVRMEPTEPCRRCAEEG,664,0
O76743,EEGHWGYECPTRPKDLQGNFL,682,0
O76743,PKDLQGNFLESYDFVFTPDDK,694,0
O76743,NFLESYDFVFTPDDKMFEDAV,700,0
O76743,KIDFDQKVVASTGKVEIPDMA,725,0
O76743,IDFDQKVVASTGKVEIPDMAS,726,0
O76743,TGKVEIPDMASFDGFKILPQD,736,0
O76743,NLKRMKMNRPTPIQRASFFPI,760,0
O76743,MNRPTPIQRASFFPIMHGNDV,766,0
O76743,HGNDVVACAHTGSGKTLAFLI,782,0
O76743,NDVVACAHTGSGKTLAFLIPF,784,0
O76743,VACAHTGSGKTLAFLIPFVIK,787,0
O76743,MEEFEKDRDVTDEKPSPRLLI,809,0
O76743,KDRDVTDEKPSPRLLIVAPTR,814,0
O76743,PSPRLLIVAPTRELVNQTFTT,823,0
O76743,VAPTRELVNQTFTTARQLTYE,830,0
O76743,PTRELVNQTFTTARQLTYETG,832,0
O76743,TRELVNQTFTTARQLTYETGL,833,0
O76743,NQTFTTARQLTYETGLKCGLA,838,0
O76743,FTTARQLTYETGLKCGLAFGG,841,0
O76743,LKCGLAFGGYSRNANVQHLRS,853,0
O76743,SRNANVQHLRSFSQLNILVAT,863,0
O76743,NANVQHLRSFSQLNILVATMG,865,0
O76743,SFSQLNILVATMGRLQDFVNA,873,0
O76743,LQDFVNAGEVSLSKMKYIVLD,887,0
O76743,DFVNAGEVSLSKMKYIVLDEA,889,0
O76743,VLDEADRMVDSNDFGEEVSKI,905,0
O76743,VDSNDFGEEVSKIIGSPGERT,913,0
O76743,FGEEVSKIIGSPGERTQQTVL,918,0
O76743,SKIIGSPGERTQQTVLFSASF,923,0
O76743,IGSPGERTQQTVLFSASFSED,926,0
O76743,GERTQQTVLFSASFSEDLQSD,930,0
O76743,RTQQTVLFSASFSEDLQSDDL,932,0
O76743,QQTVLFSASFSEDLQSDDLPK,934,0
O76743,FSASFSEDLQSDDLPKFVKEG,939,0
O76743,DLPKFVKEGYTMLQVDKFGTA,951,0
O76743,YTMLQVDKFGTANEKIDQKIL,960,0
O76743,IDQKILPVPRTEKRDAIYKLL,975,0
O76743,IYKLLGIDENTVTLLPDAPIE,991,0
O76743,KLLGIDENTVTLLPDAPIEKQ,993,0
O76743,LPDAPIEKQKTLIFVNSVKFC,1005,0
O76743,EKQKTLIFVNSVKFCDTLAAL,1011,0
O76743,IFVNSVKFCDTLAALISSAGV,1017,0
O76743,KFCDTLAALISSAGVSTISMH,1023,0
O76743,FCDTLAALISSAGVSTISMHS,1024,0
O76743,LAALISSAGVSTISMHSYQNQ,1028,0
O76743,AALISSAGVSTISMHSYQNQE,1029,0
O76743,LISSAGVSTISMHSYQNQEQR,1031,0
O76743,SAGVSTISMHSYQNQEQRDRT,1034,0
O76743,SYQNQEQRDRTLDDFRRGKYQ,1044,0
O76743,RRGKYQCMVASNVCARGLNIA,1059,0
O76743,FDEYVNRIGRTGRAGFTGTST,1095,0
O76743,RIGRTGRAGFTGTSTAFVDVE,1101,0
O76743,GRTGRAGFTGTSTAFVDVEND,1103,0
O76743,RTGRAGFTGTSTAFVDVENDT,1104,0
O76743,TGRAGFTGTSTAFVDVENDTD,1105,0
O76743,STAFVDVENDTDIIPCLVSIL,1114,0
O76743,NDTDIIPCLVSILNEAKKEVP,1122,0
O76743,EAKKEVPEWLTEGAGHQEEGG,1136,0
O45168,*********MSLYGGIPTNLV,2,0
O45168,**MSLYGGIPTNLVSGMSSAG,9,0
O45168,LYGGIPTNLVSGMSSAGAICT,13,0
O45168,GIPTNLVSGMSSAGAICTTQI,16,0
O45168,IPTNLVSGMSSAGAICTTQIR,17,0
O45168,SGMSSAGAICTTQIRDARERE,23,0
O45168,GMSSAGAICTTQIRDAREREK,24,0
O45168,RFLKAQNHVLSHDIEILRRGF,62,0
O45168,HDIEILRRGFSGGGHISSFFE,73,0
O45168,RRGFSGGGHISSFFESEISNC,79,0
O45168,RGFSGGGHISSFFESEISNCT,80,0
O45168,GGGHISSFFESEISNCTVISE,84,0
O45168,HISSFFESEISNCTVISERIL,87,0
O45168,SFFESEISNCTVISERILSSR,90,0
O45168,ESEISNCTVISERILSSRTKF,93,0
O45168,NCTVISERILSSRTKFQADIT,98,0
O45168,CTVISERILSSRTKFQADITG,99,0
O45168,VISERILSSRTKFQADITGLE,101,0
O45168,SSRTKFQADITGLEGEIEIYR,108,0
O45168,KWLEALKVVRSHREDHHVNLD,130,0
O45168,EEDVLRIRRETGGIQNDIGRI,170,0
O45168,GIQNDIGRIHSQIHAEIALKN,182,0
O45168,EIALKNERHHSVQMLLQRVQV,197,0
O45168,MLLQRVQVIQTENSSRIEQEL,210,0
O45168,QRVQVIQTENSSRIEQELIYI,213,0
O45168,RVQVIQTENSSRIEQELIYIH,214,0
O45168,EQELIYIHRDTTLENRDYFRQ,227,0
O45168,QELIYIHRDTTLENRDYFRQE,228,0
O45168,RDIRANYEAMSIRSREDIEIA,254,0
O45168,RANYEAMSIRSREDIEIAYRK,257,0
O45168,HIEDYREELLSIRTTLSTTHS,290,0
O45168,DYREELLSIRTTLSTTHSRLA,293,0
O45168,YREELLSIRTTLSTTHSRLAE,294,0
O45168,EELLSIRTTLSTTHSRLAEIE,296,0
O45168,ELLSIRTTLSTTHSRLAEIES,297,0
O45168,LLSIRTTLSTTHSRLAEIESR,298,0
O45168,SIRTTLSTTHSRLAEIESRNA,300,0
O45168,TTHSRLAEIESRNAWLLTTIT,307,0
O45168,EIESRNAWLLTTITDLKHQQA,314,0
O45168,IESRNAWLLTTITDLKHQQAE,315,0
O45168,SRNAWLLTTITDLKHQQAEEA,317,0
O45168,QAEEARIFEATLDAKQATYEQ,333,0
O45168,FEATLDAKQATYEQFKERCTE,340,0
O45168,ATYEQFKERCTELSIQMEKLC,349,0
O45168,EQFKERCTELSIQMEKLCDHE,352,0
O45168,IQMEKLCDHETSLQAELERYR,363,0
O45168,QMEKLCDHETSLQAELERYRV,364,0
O45168,YRVLLNGANVTTYVSNSTGAA,382,0
O45168,RVLLNGANVTTYVSNSTGAAG,383,0
O45168,LNGANVTTYVSNSTGAAGYRS,386,0
O45168,GANVTTYVSNSTGAAGYRSST,388,0
O45168,ANVTTYVSNSTGAAGYRSSTH,389,0
O45168,TAGGYTSGGYTTGGYTRGITA,426,0
O45168,AGGYTSGGYTTGGYTRGITAG,427,0
O45168,TSGGYTTGGYTRGITAGGAVG,431,0
O45168,YTTGGYTRGITAGGAVGGIST,435,0
O45168,ITAGGAVGGISTGGYIGRSSS,444,0
O45168,TAGGAVGGISTGGYIGRSSSS,445,0
O45168,GISTGGYIGRSSSSHGISVGG,452,0
O45168,ISTGGYIGRSSSSHGISVGGN,453,0
O45168,STGGYIGRSSSSHGISVGGNI,454,0
O45168,TGGYIGRSSSSHGISVGGNIG,455,0
O45168,IGRSSSSHGISVGGNIGGVSV,459,0
O45168,ISVGGNIGGVSVGGHINGYHA,468,0
O45168,VGGHINGYHASGDISAAGRHH,479,0
O45168,INGYHASGDISAAGRHHESSY,483,0
O45168,DISAAGRHHESSYSYSSSNN*,491,0
O45168,ISAAGRHHESSYSYSSSNN**,492,0
O45168,AAGRHHESSYSYSSSNN****,494,0
O45168,GRHHESSYSYSSSNN******,496,0
O45168,RHHESSYSYSSSNN*******,497,0
O45168,HHESSYSYSSSNN********,498,0
P34447,CCVCADENGWTDNPLIYCDGE,18,0
P34447,PEGEWFCAKCTKASAMMPGSI,55,0
P34447,EWFCAKCTKASAMMPGSINEA,58,0
P34447,CTKASAMMPGSINEATFCCQL,64,0
P34447,AMMPGSINEATFCCQLCPFDY,69,0
P34447,CPFDYGALKKTDRNGWAHVIC,85,0
P34447,IPEVRFGNVHSMEPVILNDVP,109,0
P34447,MEPVILNDVPTDKFNKLCYIC,120,0
P34447,PNDAKKGACMSCNKSTCKRSF,145,0
P34447,KKGACMSCNKSTCKRSFHVTC,149,0
P34447,KGACMSCNKSTCKRSFHVTCA,150,0
P34447,MSCNKSTCKRSFHVTCAQRKG,154,0
P34447,KSTCKRSFHVTCAQRKGLLCE,158,0
P34447,KGLLCEEGAISRNVKYCGYCE,173,0
P34447,IPACPPVQRLSKEQDKKKTVL,208,0
P34447,RLSKEQDKKKTVLLTSLPLPP,216,0
P34447,EQDKKKTVLLTSLPLPPPAPR,220,0
P34447,QDKKKTVLLTSLPLPPPAPRL,221,0
P34447,HMLADPLPIKSNKVNNVLGLG,242,0
P34447,NKVNNVLGLGSAINAVSLEER,253,0
P34447,LGLGSAINAVSLEERPASGST,259,0
P34447,NAVSLEERPASGSTVNSGIFV,266,0
P34447,VSLEERPASGSTVNSGIFVPP,268,0
P34447,SLEERPASGSTVNSGIFVPPP,269,0
P34447,ERPASGSTVNSGIFVPPPTAF,272,0
P34447,VNSGIFVPPPTAFSPPLTTSS,280,0
P34447,GIFVPPPTAFSPPLTTSSRSS,283,0
P34447,PPPTAFSPPLTTSSRSSVAQD,287,0
P34447,PPTAFSPPLTTSSRSSVAQDP,288,0
P34447,PTAFSPPLTTSSRSSVAQDPS,289,0
P34447,TAFSPPLTTSSRSSVAQDPSP,290,0
P34447,FSPPLTTSSRSSVAQDPSPPL,292,0
P34447,SPPLTTSSRSSVAQDPSPPLT,293,0
P34447,SSRSSVAQDPSPPLTINKNSL,299,0
P34447,SVAQDPSPPLTINKNSLSSSG,303,0
P34447,PSPPLTINKNSLSSSGPLIPS,308,0
P34447,PPLTINKNSLSSSGPLIPSTA,310,0
P34447,PLTINKNSLSSSGPLIPSTAH,311,0
P34447,LTINKNSLSSSGPLIPSTAHL,312,0
P34447,SLSSSGPLIPSTAHLSATTAS,318,0
P34447,LSSSGPLIPSTAHLSATTASA,319,0
P34447,GPLIPSTAHLSATTASATPIM,323,0
P34447,LIPSTAHLSATTASATPIMAN,325,0
P34447,IPSTAHLSATTASATPIMANG,326,0
P34447,STAHLSATTASATPIMANGST,328,0
P34447,AHLSATTASATPIMANGSTLP,330,0
P34447,ASATPIMANGSTLPPSSETTV,337,0
P34447,SATPIMANGSTLPPSSETTVG,338,0
P34447,IMANGSTLPPSSETTVGTHCL,342,0
P34447,MANGSTLPPSSETTVGTHCLQ,343,0
P34447,NGSTLPPSSETTVGTHCLQQL,345,0
P34447,GSTLPPSSETTVGTHCLQQLQ,346,0
P34447,LPPSSETTVGTHCLQQLQIQS,349,0
P34447,THCLQQLQIQSAAAAAITQNQ,359,0
P34447,QIQSAAAAAITQNQIGPSELN,366,0
P34447,AAITQNQIGPSELNGYPAASQ,373,0
P34447,PSELNGYPAASQLSSFMHEIP,382,0
P34447,LNGYPAASQLSSFMHEIPARN,385,0
P34447,NGYPAASQLSSFMHEIPARNT,386,0
P34447,SFMHEIPARNTTSVASLLPPG,396,0
P34447,FMHEIPARNTTSVASLLPPGA,397,0
P34447,MHEIPARNTTSVASLLPPGAA,398,0
P34447,IPARNTTSVASLLPPGAAEYH,401,0
P34447,PGAAEYHLNGSGDEEKTVKAV,415,0
P34447,HLNGSGDEEKTVKAVLTAPLT,421,0
P34447,DEEKTVKAVLTAPLTKAKRIR,427,0
P34447,TVKAVLTAPLTKAKRIRDSKN,431,0
P34447,PLTKAKRIRDSKNDMMDKTHK,439,0
P34447,RDSKNDMMDKTHKRPRANARP,447,0
P34447,ANARPPAVLGSMSSGSSGGTV,463,0
P34447,ARPPAVLGSMSSGSSGGTVGK,465,0
P34447,RPPAVLGSMSSGSSGGTVGKS,466,0
P34447,PAVLGSMSSGSSGGTVGKSPS,468,0
P34447,AVLGSMSSGSSGGTVGKSPSM,469,0
P34447,GSMSSGSSGGTVGKSPSMQRL,472,0
P34447,SGSSGGTVGKSPSMQRLQNLV,476,0
P34447,SSGGTVGKSPSMQRLQNLVAP,478,0
P34447,RLQNLVAPIVSETVTDFQRDR,491,0
P34447,QNLVAPIVSETVTDFQRDRVA,493,0
P34447,LVAPIVSETVTDFQRDRVADR,495,0
P34447,DFQRDRVADRTAAERRAAAAQ,506,0
P34447,AAERRAAAAQSQPSTSTNGGP,517,0
P34447,RRAAAAQSQPSTSTNGGPNVT,520,0
P34447,RAAAAQSQPSTSTNGGPNVTI,521,0
P34447,AAAAQSQPSTSTNGGPNVTIP,522,0
P34447,AAAQSQPSTSTNGGPNVTIPA,523,0
P34447,STSTNGGPNVTIPAVVEVHTN,530,0
P34447,VTIPAVVEVHTNSTNSTNHQN,539,0
P34447,IPAVVEVHTNSTNSTNHQNNG,541,0
P34447,PAVVEVHTNSTNSTNHQNNGL,542,0
P34447,VVEVHTNSTNSTNHQNNGLTQ,544,0
P34447,VEVHTNSTNSTNHQNNGLTQN,545,0
P34447,NSTNHQNNGLTQNAPASTSMQ,553,0
P34447,NNGLTQNAPASTSMQAGTSSN,559,0
P34447,NGLTQNAPASTSMQAGTSSND,560,0
P34447,GLTQNAPASTSMQAGTSSNDG,561,0
P34447,APASTSMQAGTSSNDGVISQN,566,0
P34447,PASTSMQAGTSSNDGVISQNG,567,0
P34447,ASTSMQAGTSSNDGVISQNGT,568,0
P34447,AGTSSNDGVISQNGTSSTSQS,574,0
P34447,SNDGVISQNGTSSTSQSNRLN,578,0
P34447,NDGVISQNGTSSTSQSNRLNL,579,0
P34447,DGVISQNGTSSTSQSNRLNLP,580,0
P34447,GVISQNGTSSTSQSNRLNLPS,581,0
P34447,VISQNGTSSTSQSNRLNLPSF,582,0
P34447,SQNGTSSTSQSNRLNLPSFME,584,0
P34447,TSQSNRLNLPSFMEQLLERQW,591,0
P34447,QLLERQWDQGSSLLMANAHFD,605,0
P34447,LLERQWDQGSSLLMANAHFDV,606,0
P34447,NAHFDVAQLLSCLFQLKSENF,621,0
P34447,QLLSCLFQLKSENFRLEENLS,628,0
P34447,SENFRLEENLSGLRKRRDHLF,638,0
P34447,KRRDHLFALNSRLAEVNTLDV,652,0
P34447,ALNSRLAEVNTLDVSKRQRSD,659,0
P34447,RLAEVNTLDVSKRQRSDGLLL,663,0
P34447,NTLDVSKRQRSDGLLLQQQIA,668,0
P34447,QQQIAHHLDPTSIVPKAEVHK,684,0
P34447,QQIAHHLDPTSIVPKAEVHKQ,685,0
P34447,LFEDIKAPKATYSRKTPSNIP,724,0
P34447,EDIKAPKATYSRKTPSNIPLT,726,0
P34447,KAPKATYSRKTPSNIPLTVPL,729,0
P34447,PKATYSRKTPSNIPLTVPLST,731,0
P34447,SRKTPSNIPLTVPLSTAATAL,736,0
P34447,PSNIPLTVPLSTAATALTTTT,740,0
P34447,SNIPLTVPLSTAATALTTTTA,741,0
P34447,PLTVPLSTAATALTTTTAASS,744,0
P34447,VPLSTAATALTTTTAASSGAP,747,0
P34447,PLSTAATALTTTTAASSGAPV,748,0
P34447,LSTAATALTTTTAASSGAPVN,749,0
P34447,STAATALTTTTAASSGAPVNS,750,0
P34447,ATALTTTTAASSGAPVNSNIQ,753,0
P34447,TALTTTTAASSGAPVNSNIQN,754,0
P34447,TAASSGAPVNSNIQNHRATPS,760,0
P34447,VNSNIQNHRATPSTAGAPMAA,768,0
P34447,SNIQNHRATPSTAGAPMAATP,770,0
P34447,NIQNHRATPSTAGAPMAATPI,771,0
P34447,PSTAGAPMAATPIMTAVTSAN,779,0
P34447,GAPMAATPIMTAVTSANELAA,783,0
P34447,MAATPIMTAVTSANELAALSP,786,0
P34447,AATPIMTAVTSANELAALSPE,787,0
P34447,VTSANELAALSPERAQALLNM,795,0
P34447,PLDANVAAQLSMITNFPGQVN,819,0
P34447,ANVAAQLSMITNFPGQVNPSL,822,0
P34447,ITNFPGQVNPSLFSRLLAVNM,831,0
P34447,FPGQVNPSLFSRLLAVNMMNG,834,0
P34447,GGLQPNGQPLSALPPPTSATP,854,0
P34447,GQPLSALPPPTSATPNGK***,860,0
P34447,QPLSALPPPTSATPNGK****,861,0
P34447,LSALPPPTSATPNGK******,863,0
G5EFX8,IDEGVELFEETMEKMHEANSD,28,0
G5EFX8,ETMEKMHEANSDNQRDKYQDD,37,0
G5EFX8,RDQVKNWQNASEIKDKDKLNS,69,0
G5EFX8,SEIKDKDKLNSYRKLIEQRME,79,0
G5EFX8,QFKDVERENKTKPHSKLGLSA,100,0
G5EFX8,VERENKTKPHSKLGLSAEEKL,104,0
G5EFX8,KTKPHSKLGLSAEEKLDPKEK,109,0
G5EFX8,LDPKEKEKAETMDWIQHQIRS,124,0
G5EFX8,TMDWIQHQIRSLNEEVDRTEM,134,0
G5EFX8,IRSLNEEVDRTEMQLESLSNT,142,0
G5EFX8,EVDRTEMQLESLSNTDTGKGK,148,0
G5EFX8,DRTEMQLESLSNTDTGKGKRG,150,0
G5EFX8,TEMQLESLSNTDTGKGKRGKK,152,0
G5EFX8,MQLESLSNTDTGKGKRGKKED,154,0
G5EFX8,GKRGKKEDAKTKNEREKRVEG,167,0
G5EFX8,EKLEICMRMISNESLNAKMVL,200,0
G5EFX8,EICMRMISNESLNAKMVLETL,203,0
G5EFX8,ESLNAKMVLETLKEPIETYVE,212,0
G5EFX8,VLETLKEPIETYVEMMNEEDS,219,0
G5EFX8,TYVEMMNEEDSEEADNYDPDD,229,0
G5EFX8,CQQIGGVNVASVDDEHRENGH,260,0
G5EFX8,RENGHELGIDTAESGAVSGSR,276,0
G5EFX8,GHELGIDTAESGAVSGSRHTS,279,0
G5EFX8,GIDTAESGAVSGSRHTSGENG,283,0
G5EFX8,DTAESGAVSGSRHTSGENGQP,285,0
G5EFX8,ESGAVSGSRHTSGENGQPPSP,288,0
G5EFX8,SGAVSGSRHTSGENGQPPSPA,289,0
G5EFX8,HTSGENGQPPSPAGRRIVPLS,297,0
G5EFX8,SPAGRRIVPLSMPSPHAVTPE,307,0
G5EFX8,GRRIVPLSMPSPHAVTPELKR,310,0
G5EFX8,PLSMPSPHAVTPELKRLASKD,315,0
G5EFX8,AVTPELKRLASKDSNVDRPRT,323,0
G5EFX8,PELKRLASKDSNVDRPRTPPV,326,0
G5EFX8,APPPPGIPYNSVAAGRSTTTP,352,0
G5EFX8,IPYNSVAAGRSTTTPVPSTPI,358,0
G5EFX8,PYNSVAAGRSTTTPVPSTPIS,359,0
G5EFX8,YNSVAAGRSTTTPVPSTPISA,360,0
G5EFX8,NSVAAGRSTTTPVPSTPISAN,361,0
G5EFX8,AGRSTTTPVPSTPISANSPAP,365,0
G5EFX8,GRSTTTPVPSTPISANSPAPS,366,0
G5EFX8,TTTPVPSTPISANSPAPSLAQ,369,0
G5EFX8,PVPSTPISANSPAPSLAQAAP,372,0
G5EFX8,TPISANSPAPSLAQAAPIAAA,376,0
G5EFX8,LAQAAPIAAASPVFPPAAAAA,387,0
G5EFX8,PVFPPAAAAASKPVLAQSVSE,398,0
G5EFX8,AAASKPVLAQSVSEMPQKKES,405,0
G5EFX8,ASKPVLAQSVSEMPQKKESIT,407,0
G5EFX8,SVSEMPQKKESITSTTSRGSA,415,0
G5EFX8,SEMPQKKESITSTTSRGSAAA,417,0
G5EFX8,EMPQKKESITSTTSRGSAAAP,418,0
G5EFX8,MPQKKESITSTTSRGSAAAPA,419,0
G5EFX8,PQKKESITSTTSRGSAAAPAT,420,0
G5EFX8,QKKESITSTTSRGSAAAPATT,421,0
G5EFX8,ESITSTTSRGSAAAPATTTTT,424,0
G5EFX8,TSRGSAAAPATTTTTTTTTTS,430,0
G5EFX8,SRGSAAAPATTTTTTTTTTSS,431,0
G5EFX8,RGSAAAPATTTTTTTTTTSSE,432,0
G5EFX8,GSAAAPATTTTTTTTTTSSEP,433,0
G5EFX8,SAAAPATTTTTTTTTTSSEPA,434,0
G5EFX8,AAAPATTTTTTTTTTSSEPAE,435,0
G5EFX8,AAPATTTTTTTTTTSSEPAEV,436,0
G5EFX8,APATTTTTTTTTTSSEPAEVP,437,0
G5EFX8,PATTTTTTTTTTSSEPAEVPL,438,0
G5EFX8,ATTTTTTTTTTSSEPAEVPLV,439,0
G5EFX8,TTTTTTTTTTSSEPAEVPLVV,440,0
G5EFX8,TTTTTTTTTSSEPAEVPLVVQ,441,0
G5EFX8,PAEVPLVVQQTVSETFVNGVD,453,0
G5EFX8,EVPLVVQQTVSETFVNGVDSP,455,0
G5EFX8,PLVVQQTVSETFVNGVDSPAA,457,0
G5EFX8,VSETFVNGVDSPAAATRLTQQ,464,0
G5EFX8,VNGVDSPAAATRLTQQERQQQ,469,0
G5EFX8,VDSPAAATRLTQQERQQQLQQ,472,0
G5EFX8,QQLQQQHHHQSTIIPTTPTTT,488,0
G5EFX8,QLQQQHHHQSTIIPTTPTTTT,489,0
G5EFX8,QHHHQSTIIPTTPTTTTTSSS,493,0
G5EFX8,HHHQSTIIPTTPTTTTTSSSM,494,0
G5EFX8,HQSTIIPTTPTTTTTSSSMLG,496,0
G5EFX8,QSTIIPTTPTTTTTSSSMLGG,497,0
G5EFX8,STIIPTTPTTTTTSSSMLGGM,498,0
G5EFX8,TIIPTTPTTTTTSSSMLGGMM,499,0
G5EFX8,IIPTTPTTTTTSSSMLGGMMS,500,0
G5EFX8,IPTTPTTTTTSSSMLGGMMST,501,0
G5EFX8,PTTPTTTTTSSSMLGGMMSTD,502,0
G5EFX8,TTPTTTTTSSSMLGGMMSTDD,503,0
G5EFX8,TSSSMLGGMMSTDDPAAALQA,510,0
G5EFX8,SSSMLGGMMSTDDPAAALQAA,511,0
G5EFX8,LQAALNMAAASQQAVATGPKR,528,0
G5EFX8,MAAASQQAVATGPKRAHIPAW,534,0
G5EFX8,RAHIPAWLGASPLGRTSMTQE,548,0
G5EFX8,AWLGASPLGRTSMTQEFDGQL,553,0
G5EFX8,WLGASPLGRTSMTQEFDGQLA,554,0
G5EFX8,GASPLGRTSMTQEFDGQLAAL,556,0
G5EFX8,AALELACAKATFPLDSEKPRN,574,0
G5EFX8,ACAKATFPLDSEKPRNYLSKV,579,0
G5EFX8,LDSEKPRNYLSKVSFPVPSWY,587,0
G5EFX8,EKPRNYLSKVSFPVPSWYGQT,590,0
G5EFX8,YLSKVSFPVPSWYGQTAPNTS,595,0
G5EFX8,SFPVPSWYGQTAPNTSDSLEY,600,0
G5EFX8,PSWYGQTAPNTSDSLEYYLRL,604,0
G5EFX8,SWYGQTAPNTSDSLEYYLRLA,605,0
G5EFX8,YGQTAPNTSDSLEYYLRLAPD,607,0
G5EFX8,LEYYLRLAPDTLFFIFYYMEG,618,0
G5EFX8,LFFIFYYMEGTRAQLLAAKAL,629,0
G5EFX8,LLAAKALKKLSWRFHTKYLTW,643,0
G5EFX8,ALKKLSWRFHTKYLTWFQRHE,648,0
G5EFX8,LSWRFHTKYLTWFQRHEEPKQ,652,0
G5EFX8,FQRHEEPKQITDDYEQGTYVY,664,0
G5EFX8,KQITDDYEQGTYVYFDFEKWS,671,0
G5EFX8,TYVYFDFEKWSQRKKESFTFE,681,0
G5EFX8,FEKWSQRKKESFTFEYKFLED,687,0
G5EFX8,KWSQRKKESFTFEYKFLEDKE,689,0
